"sampleID","batch","ID","week","day","true_day","true_day_numeric","orig","rand_GC","scfa","conc","day_merge"
"1_49",1,"BE04","Baseline","M","M",-6,1,49,"Acetate",47.69,"-6"
"1_49",1,"BE04","Baseline","M","M",-6,1,49,"Butyrate",18.72,"-6"
"1_49",1,"BE04","Baseline","M","M",-6,1,49,"Isobutyrate",1.02,"-6"
"1_49",1,"BE04","Baseline","M","M",-6,1,49,"Isovalerate",1.1,"-6"
"1_49",1,"BE04","Baseline","M","M",-6,1,49,"Propionate",13.56,"-6"
"1_49",1,"BE04","Baseline","M","M",-6,1,49,"Valerate",1.05,"-6"
"1_54",1,"BE04","Baseline","W","W",-4,2,54,"Acetate",7.13,"-4"
"1_54",1,"BE04","Baseline","W","W",-4,2,54,"Butyrate",2.59,"-4"
"1_54",1,"BE04","Baseline","W","W",-4,2,54,"Isobutyrate",0.53,"-4"
"1_54",1,"BE04","Baseline","W","W",-4,2,54,"Isovalerate",0.63,"-4"
"1_54",1,"BE04","Baseline","W","W",-4,2,54,"Propionate",4.53,"-4"
"1_54",1,"BE04","Baseline","W","W",-4,2,54,"Valerate",0.59,"-4"
"1_32",1,"BE04","Baseline","F","F",-2,3,32,"Acetate",24.8,"-2"
"1_32",1,"BE04","Baseline","F","F",-2,3,32,"Butyrate",8.58,"-2"
"1_32",1,"BE04","Baseline","F","F",-2,3,32,"Isobutyrate",0.75,"-2"
"1_32",1,"BE04","Baseline","F","F",-2,3,32,"Isovalerate",1.7,"-2"
"1_32",1,"BE04","Baseline","F","F",-2,3,32,"Propionate",9.46,"-2"
"1_32",1,"BE04","Baseline","F","F",-2,3,32,"Valerate",0.62,"-2"
"1_48",1,"BE04","Chewing","M","M",1,4,48,"Acetate",43.56,"1"
"1_48",1,"BE04","Chewing","M","M",1,4,48,"Butyrate",14.63,"1"
"1_48",1,"BE04","Chewing","M","M",1,4,48,"Isobutyrate",0.42,"1"
"1_48",1,"BE04","Chewing","M","M",1,4,48,"Isovalerate",0.33,"1"
"1_48",1,"BE04","Chewing","M","M",1,4,48,"Propionate",2.51,"1"
"1_48",1,"BE04","Chewing","M","M",1,4,48,"Valerate",0.59,"1"
"1_51",1,"BE04","Chewing","W","W",3,5,51,"Acetate",14.51,"3"
"1_51",1,"BE04","Chewing","W","W",3,5,51,"Butyrate",2.09,"3"
"1_51",1,"BE04","Chewing","W","W",3,5,51,"Isobutyrate",0.73,"3"
"1_51",1,"BE04","Chewing","W","W",3,5,51,"Isovalerate",0.65,"3"
"1_51",1,"BE04","Chewing","W","W",3,5,51,"Propionate",7.73,"3"
"1_51",1,"BE04","Chewing","W","W",3,5,51,"Valerate",0.61,"3"
"1_66",1,"BE04","Chewing","F","F",5,6,66,"Acetate",35.78,"5"
"1_66",1,"BE04","Chewing","F","F",5,6,66,"Butyrate",6.99,"5"
"1_66",1,"BE04","Chewing","F","F",5,6,66,"Isobutyrate",0.89,"5"
"1_66",1,"BE04","Chewing","F","F",5,6,66,"Isovalerate",1.15,"5"
"1_66",1,"BE04","Chewing","F","F",5,6,66,"Propionate",15.9,"5"
"1_66",1,"BE04","Chewing","F","F",5,6,66,"Valerate",0.68,"5"
"1_16",1,"BG89","Baseline","M","M",-6,7,16,"Acetate",38.13,"-6"
"1_16",1,"BG89","Baseline","M","M",-6,7,16,"Butyrate",16.29,"-6"
"1_16",1,"BG89","Baseline","M","M",-6,7,16,"Isobutyrate",2.08,"-6"
"1_16",1,"BG89","Baseline","M","M",-6,7,16,"Isovalerate",2.7,"-6"
"1_16",1,"BG89","Baseline","M","M",-6,7,16,"Propionate",12.61,"-6"
"1_16",1,"BG89","Baseline","M","M",-6,7,16,"Valerate",4.55,"-6"
"1_55",1,"BG89","Baseline","W","W",-4,8,55,"Acetate",20.88,"-4"
"1_55",1,"BG89","Baseline","W","W",-4,8,55,"Butyrate",8.75,"-4"
"1_55",1,"BG89","Baseline","W","W",-4,8,55,"Isobutyrate",1.57,"-4"
"1_55",1,"BG89","Baseline","W","W",-4,8,55,"Isovalerate",2.1,"-4"
"1_55",1,"BG89","Baseline","W","W",-4,8,55,"Propionate",7.3,"-4"
"1_55",1,"BG89","Baseline","W","W",-4,8,55,"Valerate",2.53,"-4"
"1_80",1,"BG89","Baseline","F","F",-2,9,80,"Acetate",21.43,"-2"
"1_80",1,"BG89","Baseline","F","F",-2,9,80,"Butyrate",7.63,"-2"
"1_80",1,"BG89","Baseline","F","F",-2,9,80,"Isobutyrate",1.55,"-2"
"1_80",1,"BG89","Baseline","F","F",-2,9,80,"Isovalerate",1.73,"-2"
"1_80",1,"BG89","Baseline","F","F",-2,9,80,"Propionate",7.59,"-2"
"1_80",1,"BG89","Baseline","F","F",-2,9,80,"Valerate",2.68,"-2"
"1_33",1,"BG89","Chewing","M","M",1,10,33,"Acetate",40.84,"1"
"1_33",1,"BG89","Chewing","M","M",1,10,33,"Butyrate",36.61,"1"
"1_33",1,"BG89","Chewing","M","M",1,10,33,"Isobutyrate",2.59,"1"
"1_33",1,"BG89","Chewing","M","M",1,10,33,"Isovalerate",3.33,"1"
"1_33",1,"BG89","Chewing","M","M",1,10,33,"Propionate",12.92,"1"
"1_33",1,"BG89","Chewing","M","M",1,10,33,"Valerate",5.87,"1"
"1_96",1,"BG89","Chewing","W","W",3,11,96,"Acetate",29.36,"3"
"1_96",1,"BG89","Chewing","W","W",3,11,96,"Butyrate",18.84,"3"
"1_96",1,"BG89","Chewing","W","W",3,11,96,"Isobutyrate",1.44,"3"
"1_96",1,"BG89","Chewing","W","W",3,11,96,"Isovalerate",1.57,"3"
"1_96",1,"BG89","Chewing","W","W",3,11,96,"Propionate",5.23,"3"
"1_96",1,"BG89","Chewing","W","W",3,11,96,"Valerate",2.32,"3"
"1_93",1,"BG89","Chewing","F","F",5,12,93,"Acetate",49.79,"5"
"1_93",1,"BG89","Chewing","F","F",5,12,93,"Butyrate",32.73,"5"
"1_93",1,"BG89","Chewing","F","F",5,12,93,"Isobutyrate",1.24,"5"
"1_93",1,"BG89","Chewing","F","F",5,12,93,"Isovalerate",1.62,"5"
"1_93",1,"BG89","Chewing","F","F",5,12,93,"Propionate",11.59,"5"
"1_93",1,"BG89","Chewing","F","F",5,12,93,"Valerate",2.99,"5"
"1_75",1,"CI54","Baseline","M","M",-6,13,75,"Acetate",17.01,"-6"
"1_75",1,"CI54","Baseline","M","M",-6,13,75,"Butyrate",7.03,"-6"
"1_75",1,"CI54","Baseline","M","M",-6,13,75,"Isobutyrate",1.39,"-6"
"1_75",1,"CI54","Baseline","M","M",-6,13,75,"Isovalerate",1.79,"-6"
"1_75",1,"CI54","Baseline","M","M",-6,13,75,"Propionate",4.6,"-6"
"1_75",1,"CI54","Baseline","M","M",-6,13,75,"Valerate",1.32,"-6"
"1_22",1,"CI54","Baseline","W","W",-4,14,22,"Acetate",13.52,"-4"
"1_22",1,"CI54","Baseline","W","W",-4,14,22,"Butyrate",3.44,"-4"
"1_22",1,"CI54","Baseline","W","W",-4,14,22,"Isobutyrate",1.24,"-4"
"1_22",1,"CI54","Baseline","W","W",-4,14,22,"Isovalerate",1.8,"-4"
"1_22",1,"CI54","Baseline","W","W",-4,14,22,"Propionate",3.57,"-4"
"1_22",1,"CI54","Baseline","W","W",-4,14,22,"Valerate",1.21,"-4"
"1_37",1,"CI54","Chewing","W","W",3,15,37,"Acetate",15.4,"3"
"1_37",1,"CI54","Chewing","W","W",3,15,37,"Butyrate",4.02,"3"
"1_37",1,"CI54","Chewing","W","W",3,15,37,"Isobutyrate",1.5,"3"
"1_37",1,"CI54","Chewing","W","W",3,15,37,"Isovalerate",1.96,"3"
"1_37",1,"CI54","Chewing","W","W",3,15,37,"Propionate",4.93,"3"
"1_37",1,"CI54","Chewing","W","W",3,15,37,"Valerate",1.43,"3"
"1_10",1,"CI54","Chewing","F","F",5,16,10,"Acetate",11.56,"5"
"1_10",1,"CI54","Chewing","F","F",5,16,10,"Butyrate",2.66,"5"
"1_10",1,"CI54","Chewing","F","F",5,16,10,"Isobutyrate",1.39,"5"
"1_10",1,"CI54","Chewing","F","F",5,16,10,"Isovalerate",1.81,"5"
"1_10",1,"CI54","Chewing","F","F",5,16,10,"Propionate",3.34,"5"
"1_10",1,"CI54","Chewing","F","F",5,16,10,"Valerate",1.25,"5"
"1_21",1,"CP64","Baseline","M","M",-6,17,21,"Acetate",16.61,"-6"
"1_21",1,"CP64","Baseline","M","M",-6,17,21,"Butyrate",7.6,"-6"
"1_21",1,"CP64","Baseline","M","M",-6,17,21,"Isobutyrate",1.86,"-6"
"1_21",1,"CP64","Baseline","M","M",-6,17,21,"Isovalerate",2.71,"-6"
"1_21",1,"CP64","Baseline","M","M",-6,17,21,"Propionate",5.97,"-6"
"1_21",1,"CP64","Baseline","M","M",-6,17,21,"Valerate",1.76,"-6"
"1_18",1,"CP64","Baseline","W","W",-4,18,18,"Acetate",29.18,"-4"
"1_18",1,"CP64","Baseline","W","W",-4,18,18,"Butyrate",10.91,"-4"
"1_18",1,"CP64","Baseline","W","W",-4,18,18,"Isobutyrate",2.73,"-4"
"1_18",1,"CP64","Baseline","W","W",-4,18,18,"Isovalerate",4.17,"-4"
"1_18",1,"CP64","Baseline","W","W",-4,18,18,"Propionate",9.54,"-4"
"1_18",1,"CP64","Baseline","W","W",-4,18,18,"Valerate",2.73,"-4"
"1_53",1,"CP64","Baseline","F","F",-2,19,53,"Acetate",10.8,"-2"
"1_53",1,"CP64","Baseline","F","F",-2,19,53,"Butyrate",2.84,"-2"
"1_53",1,"CP64","Baseline","F","F",-2,19,53,"Isobutyrate",1.12,"-2"
"1_53",1,"CP64","Baseline","F","F",-2,19,53,"Isovalerate",1.47,"-2"
"1_53",1,"CP64","Baseline","F","F",-2,19,53,"Propionate",3.21,"-2"
"1_53",1,"CP64","Baseline","F","F",-2,19,53,"Valerate",1.28,"-2"
"1_13",1,"CP64","Chewing","M","M",1,20,13,"Acetate",11.31,"1"
"1_13",1,"CP64","Chewing","M","M",1,20,13,"Butyrate",3.09,"1"
"1_13",1,"CP64","Chewing","M","M",1,20,13,"Isobutyrate",1.09,"1"
"1_13",1,"CP64","Chewing","M","M",1,20,13,"Isovalerate",1.59,"1"
"1_13",1,"CP64","Chewing","M","M",1,20,13,"Propionate",3.53,"1"
"1_13",1,"CP64","Chewing","M","M",1,20,13,"Valerate",1.09,"1"
"1_25",1,"CP64","Chewing","W","W",3,21,25,"Acetate",7.44,"3"
"1_25",1,"CP64","Chewing","W","W",3,21,25,"Butyrate",2.32,"3"
"1_25",1,"CP64","Chewing","W","W",3,21,25,"Isobutyrate",0.67,"3"
"1_25",1,"CP64","Chewing","W","W",3,21,25,"Isovalerate",0.93,"3"
"1_25",1,"CP64","Chewing","W","W",3,21,25,"Propionate",2.7,"3"
"1_25",1,"CP64","Chewing","W","W",3,21,25,"Valerate",0.83,"3"
"1_26",1,"CP64","Chewing","F","F",5,22,26,"Acetate",12.79,"5"
"1_26",1,"CP64","Chewing","F","F",5,22,26,"Butyrate",4.72,"5"
"1_26",1,"CP64","Chewing","F","F",5,22,26,"Isobutyrate",1.19,"5"
"1_26",1,"CP64","Chewing","F","F",5,22,26,"Isovalerate",1.6,"5"
"1_26",1,"CP64","Chewing","F","F",5,22,26,"Propionate",5.04,"5"
"1_26",1,"CP64","Chewing","F","F",5,22,26,"Valerate",1.21,"5"
"1_6",1,"DW73","Baseline","M","M",-6,23,6,"Acetate",25.09,"-6"
"1_6",1,"DW73","Baseline","M","M",-6,23,6,"Butyrate",8.93,"-6"
"1_6",1,"DW73","Baseline","M","M",-6,23,6,"Isobutyrate",1.17,"-6"
"1_6",1,"DW73","Baseline","M","M",-6,23,6,"Isovalerate",1.53,"-6"
"1_6",1,"DW73","Baseline","M","M",-6,23,6,"Propionate",8.88,"-6"
"1_6",1,"DW73","Baseline","M","M",-6,23,6,"Valerate",1.97,"-6"
"1_40",1,"DW73","Baseline","W","W",-4,24,40,"Acetate",28.29,"-4"
"1_40",1,"DW73","Baseline","W","W",-4,24,40,"Butyrate",10.1,"-4"
"1_40",1,"DW73","Baseline","W","W",-4,24,40,"Isobutyrate",0.63,"-4"
"1_40",1,"DW73","Baseline","W","W",-4,24,40,"Isovalerate",0.81,"-4"
"1_40",1,"DW73","Baseline","W","W",-4,24,40,"Propionate",8.7,"-4"
"1_40",1,"DW73","Baseline","W","W",-4,24,40,"Valerate",1.56,"-4"
"1_41",1,"DW73","Baseline","F","F",-2,25,41,"Acetate",24.33,"-2"
"1_41",1,"DW73","Baseline","F","F",-2,25,41,"Butyrate",9.98,"-2"
"1_41",1,"DW73","Baseline","F","F",-2,25,41,"Isobutyrate",1.21,"-2"
"1_41",1,"DW73","Baseline","F","F",-2,25,41,"Isovalerate",1.56,"-2"
"1_41",1,"DW73","Baseline","F","F",-2,25,41,"Propionate",7.46,"-2"
"1_41",1,"DW73","Baseline","F","F",-2,25,41,"Valerate",1.69,"-2"
"1_9",1,"DW73","Chewing","M","M",1,26,9,"Acetate",33.32,"1"
"1_9",1,"DW73","Chewing","M","M",1,26,9,"Butyrate",13.1,"1"
"1_9",1,"DW73","Chewing","M","M",1,26,9,"Isobutyrate",0.63,"1"
"1_9",1,"DW73","Chewing","M","M",1,26,9,"Isovalerate",1.1,"1"
"1_9",1,"DW73","Chewing","M","M",1,26,9,"Propionate",12.44,"1"
"1_9",1,"DW73","Chewing","M","M",1,26,9,"Valerate",1.35,"1"
"1_23",1,"DW73","Chewing","W","W",3,27,23,"Acetate",37.13,"3"
"1_23",1,"DW73","Chewing","W","W",3,27,23,"Butyrate",15,"3"
"1_23",1,"DW73","Chewing","W","W",3,27,23,"Isobutyrate",0.79,"3"
"1_23",1,"DW73","Chewing","W","W",3,27,23,"Isovalerate",0.75,"3"
"1_23",1,"DW73","Chewing","W","W",3,27,23,"Propionate",13.43,"3"
"1_23",1,"DW73","Chewing","W","W",3,27,23,"Valerate",1.92,"3"
"1_12",1,"DW73","Chewing","F","F",5,28,12,"Acetate",33.44,"5"
"1_12",1,"DW73","Chewing","F","F",5,28,12,"Butyrate",12.37,"5"
"1_12",1,"DW73","Chewing","F","F",5,28,12,"Isobutyrate",0.64,"5"
"1_12",1,"DW73","Chewing","F","F",5,28,12,"Isovalerate",0.72,"5"
"1_12",1,"DW73","Chewing","F","F",5,28,12,"Propionate",12.73,"5"
"1_12",1,"DW73","Chewing","F","F",5,28,12,"Valerate",1.55,"5"
"1_89",1,"EA91","Baseline","M","M",-6,29,89,"Acetate",28.72,"-6"
"1_89",1,"EA91","Baseline","M","M",-6,29,89,"Butyrate",6.9,"-6"
"1_89",1,"EA91","Baseline","M","M",-6,29,89,"Isobutyrate",0.58,"-6"
"1_89",1,"EA91","Baseline","M","M",-6,29,89,"Isovalerate",0.65,"-6"
"1_89",1,"EA91","Baseline","M","M",-6,29,89,"Propionate",14.42,"-6"
"1_89",1,"EA91","Baseline","M","M",-6,29,89,"Valerate",0.59,"-6"
"1_59",1,"EA91","Baseline","W","W",-4,30,59,"Acetate",38.82,"-4"
"1_59",1,"EA91","Baseline","W","W",-4,30,59,"Butyrate",15.36,"-4"
"1_59",1,"EA91","Baseline","W","W",-4,30,59,"Isobutyrate",0.42,"-4"
"1_59",1,"EA91","Baseline","W","W",-4,30,59,"Isovalerate",0.32,"-4"
"1_59",1,"EA91","Baseline","W","W",-4,30,59,"Propionate",15.72,"-4"
"1_59",1,"EA91","Baseline","W","W",-4,30,59,"Valerate",0.59,"-4"
"1_72",1,"EA91","Baseline","F","F",-2,31,72,"Acetate",33,"-2"
"1_72",1,"EA91","Baseline","F","F",-2,31,72,"Butyrate",10.26,"-2"
"1_72",1,"EA91","Baseline","F","F",-2,31,72,"Isobutyrate",0.79,"-2"
"1_72",1,"EA91","Baseline","F","F",-2,31,72,"Isovalerate",1.04,"-2"
"1_72",1,"EA91","Baseline","F","F",-2,31,72,"Propionate",11.65,"-2"
"1_72",1,"EA91","Baseline","F","F",-2,31,72,"Valerate",0.62,"-2"
"1_84",1,"EA91","Chewing","M","M",1,32,84,"Acetate",22.46,"1"
"1_84",1,"EA91","Chewing","M","M",1,32,84,"Butyrate",6.33,"1"
"1_84",1,"EA91","Chewing","M","M",1,32,84,"Isobutyrate",2.25,"1"
"1_84",1,"EA91","Chewing","M","M",1,32,84,"Isovalerate",2.76,"1"
"1_84",1,"EA91","Chewing","M","M",1,32,84,"Propionate",13.74,"1"
"1_84",1,"EA91","Chewing","M","M",1,32,84,"Valerate",0.59,"1"
"1_94",1,"EA91","Chewing","W","W",3,33,94,"Acetate",31.4,"3"
"1_94",1,"EA91","Chewing","W","W",3,33,94,"Butyrate",7.91,"3"
"1_94",1,"EA91","Chewing","W","W",3,33,94,"Isobutyrate",1.41,"3"
"1_94",1,"EA91","Chewing","W","W",3,33,94,"Isovalerate",1.74,"3"
"1_94",1,"EA91","Chewing","W","W",3,33,94,"Propionate",16.23,"3"
"1_94",1,"EA91","Chewing","W","W",3,33,94,"Valerate",0.65,"3"
"1_79",1,"EA91","Chewing","F","F",5,34,79,"Acetate",30.25,"5"
"1_79",1,"EA91","Chewing","F","F",5,34,79,"Butyrate",11.28,"5"
"1_79",1,"EA91","Chewing","F","F",5,34,79,"Isobutyrate",0.71,"5"
"1_79",1,"EA91","Chewing","F","F",5,34,79,"Isovalerate",0.71,"5"
"1_79",1,"EA91","Chewing","F","F",5,34,79,"Propionate",12.24,"5"
"1_79",1,"EA91","Chewing","F","F",5,34,79,"Valerate",0.59,"5"
"1_65",1,"EC63","Baseline","M","M",-6,35,65,"Acetate",16.57,"-6"
"1_65",1,"EC63","Baseline","M","M",-6,35,65,"Butyrate",7.17,"-6"
"1_65",1,"EC63","Baseline","M","M",-6,35,65,"Isobutyrate",0.82,"-6"
"1_65",1,"EC63","Baseline","M","M",-6,35,65,"Isovalerate",1.16,"-6"
"1_65",1,"EC63","Baseline","M","M",-6,35,65,"Propionate",5.82,"-6"
"1_65",1,"EC63","Baseline","M","M",-6,35,65,"Valerate",1.6,"-6"
"1_28",1,"EC63","Baseline","W","W",-4,36,28,"Acetate",8,"-4"
"1_28",1,"EC63","Baseline","W","W",-4,36,28,"Butyrate",2.68,"-4"
"1_28",1,"EC63","Baseline","W","W",-4,36,28,"Isobutyrate",0.91,"-4"
"1_28",1,"EC63","Baseline","W","W",-4,36,28,"Isovalerate",1.28,"-4"
"1_28",1,"EC63","Baseline","W","W",-4,36,28,"Propionate",3.27,"-4"
"1_28",1,"EC63","Baseline","W","W",-4,36,28,"Valerate",0.98,"-4"
"1_11",1,"EC63","Baseline","F","F",-2,37,11,"Acetate",20.22,"-2"
"1_11",1,"EC63","Baseline","F","F",-2,37,11,"Butyrate",7.97,"-2"
"1_11",1,"EC63","Baseline","F","F",-2,37,11,"Isobutyrate",1.98,"-2"
"1_11",1,"EC63","Baseline","F","F",-2,37,11,"Isovalerate",2.82,"-2"
"1_11",1,"EC63","Baseline","F","F",-2,37,11,"Propionate",8.35,"-2"
"1_11",1,"EC63","Baseline","F","F",-2,37,11,"Valerate",1.88,"-2"
"1_14",1,"EC63","Chewing","M","M",1,38,14,"Acetate",13.87,"1"
"1_14",1,"EC63","Chewing","M","M",1,38,14,"Butyrate",4.93,"1"
"1_14",1,"EC63","Chewing","M","M",1,38,14,"Isobutyrate",1.16,"1"
"1_14",1,"EC63","Chewing","M","M",1,38,14,"Isovalerate",1.44,"1"
"1_14",1,"EC63","Chewing","M","M",1,38,14,"Propionate",6.3,"1"
"1_14",1,"EC63","Chewing","M","M",1,38,14,"Valerate",1.44,"1"
"1_78",1,"EC63","Chewing","W","W",3,39,78,"Acetate",15.66,"3"
"1_78",1,"EC63","Chewing","W","W",3,39,78,"Butyrate",6.26,"3"
"1_78",1,"EC63","Chewing","W","W",3,39,78,"Isobutyrate",1.45,"3"
"1_78",1,"EC63","Chewing","W","W",3,39,78,"Isovalerate",2.09,"3"
"1_78",1,"EC63","Chewing","W","W",3,39,78,"Propionate",6.42,"3"
"1_78",1,"EC63","Chewing","W","W",3,39,78,"Valerate",1.54,"3"
"1_82",1,"EC63","Chewing","F","F",5,40,82,"Acetate",16.41,"5"
"1_82",1,"EC63","Chewing","F","F",5,40,82,"Butyrate",5.22,"5"
"1_82",1,"EC63","Chewing","F","F",5,40,82,"Isobutyrate",1.04,"5"
"1_82",1,"EC63","Chewing","F","F",5,40,82,"Isovalerate",1.2,"5"
"1_82",1,"EC63","Chewing","F","F",5,40,82,"Propionate",6.05,"5"
"1_82",1,"EC63","Chewing","F","F",5,40,82,"Valerate",1.1,"5"
"1_57",1,"GL84","Baseline","M","M",-6,41,57,"Acetate",20.89,"-6"
"1_57",1,"GL84","Baseline","M","M",-6,41,57,"Butyrate",9.13,"-6"
"1_57",1,"GL84","Baseline","M","M",-6,41,57,"Isobutyrate",1.25,"-6"
"1_57",1,"GL84","Baseline","M","M",-6,41,57,"Isovalerate",1.75,"-6"
"1_57",1,"GL84","Baseline","M","M",-6,41,57,"Propionate",6.95,"-6"
"1_57",1,"GL84","Baseline","M","M",-6,41,57,"Valerate",2.12,"-6"
"1_95",1,"GL84","Baseline","W","W",-4,42,95,"Acetate",43.91,"-4"
"1_95",1,"GL84","Baseline","W","W",-4,42,95,"Butyrate",20.59,"-4"
"1_95",1,"GL84","Baseline","W","W",-4,42,95,"Isobutyrate",1.25,"-4"
"1_95",1,"GL84","Baseline","W","W",-4,42,95,"Isovalerate",1.39,"-4"
"1_95",1,"GL84","Baseline","W","W",-4,42,95,"Propionate",11.35,"-4"
"1_95",1,"GL84","Baseline","W","W",-4,42,95,"Valerate",2.52,"-4"
"1_64",1,"GL84","Baseline","F","F",-2,43,64,"Acetate",33.49,"-2"
"1_64",1,"GL84","Baseline","F","F",-2,43,64,"Butyrate",13.68,"-2"
"1_64",1,"GL84","Baseline","F","F",-2,43,64,"Isobutyrate",1.83,"-2"
"1_64",1,"GL84","Baseline","F","F",-2,43,64,"Isovalerate",2.22,"-2"
"1_64",1,"GL84","Baseline","F","F",-2,43,64,"Propionate",8.9,"-2"
"1_64",1,"GL84","Baseline","F","F",-2,43,64,"Valerate",3.26,"-2"
"1_43",1,"GL84","Chewing","M","T",2,44,43,"Acetate",37.75,"1"
"1_43",1,"GL84","Chewing","M","T",2,44,43,"Butyrate",20.69,"1"
"1_43",1,"GL84","Chewing","M","T",2,44,43,"Isobutyrate",0.9,"1"
"1_43",1,"GL84","Chewing","M","T",2,44,43,"Isovalerate",0.93,"1"
"1_43",1,"GL84","Chewing","M","T",2,44,43,"Propionate",9.59,"1"
"1_43",1,"GL84","Chewing","M","T",2,44,43,"Valerate",2.36,"1"
"1_17",1,"KC00","Baseline","M","M",-6,45,17,"Acetate",24.27,"-6"
"1_17",1,"KC00","Baseline","M","M",-6,45,17,"Butyrate",8.12,"-6"
"1_17",1,"KC00","Baseline","M","M",-6,45,17,"Isobutyrate",3.06,"-6"
"1_17",1,"KC00","Baseline","M","M",-6,45,17,"Isovalerate",4.23,"-6"
"1_17",1,"KC00","Baseline","M","M",-6,45,17,"Propionate",11.93,"-6"
"1_17",1,"KC00","Baseline","M","M",-6,45,17,"Valerate",2.89,"-6"
"1_62",1,"KC00","Baseline","W","W",-4,46,62,"Acetate",19.84,"-4"
"1_62",1,"KC00","Baseline","W","W",-4,46,62,"Butyrate",5.6,"-4"
"1_62",1,"KC00","Baseline","W","W",-4,46,62,"Isobutyrate",1.78,"-4"
"1_62",1,"KC00","Baseline","W","W",-4,46,62,"Isovalerate",2.13,"-4"
"1_62",1,"KC00","Baseline","W","W",-4,46,62,"Propionate",7.2,"-4"
"1_62",1,"KC00","Baseline","W","W",-4,46,62,"Valerate",1.67,"-4"
"1_39",1,"KC00","Baseline","F","F",-2,47,39,"Acetate",27.14,"-2"
"1_39",1,"KC00","Baseline","F","F",-2,47,39,"Butyrate",8.49,"-2"
"1_39",1,"KC00","Baseline","F","F",-2,47,39,"Isobutyrate",1.85,"-2"
"1_39",1,"KC00","Baseline","F","F",-2,47,39,"Isovalerate",2.29,"-2"
"1_39",1,"KC00","Baseline","F","F",-2,47,39,"Propionate",10.42,"-2"
"1_39",1,"KC00","Baseline","F","F",-2,47,39,"Valerate",1.98,"-2"
"1_58",1,"KC00","Chewing","M","M",1,48,58,"Acetate",12.99,"1"
"1_58",1,"KC00","Chewing","M","M",1,48,58,"Butyrate",4.61,"1"
"1_58",1,"KC00","Chewing","M","M",1,48,58,"Isobutyrate",1.17,"1"
"1_58",1,"KC00","Chewing","M","M",1,48,58,"Isovalerate",1.54,"1"
"1_58",1,"KC00","Chewing","M","M",1,48,58,"Propionate",4.33,"1"
"1_58",1,"KC00","Chewing","M","M",1,48,58,"Valerate",1.38,"1"
"1_34",1,"KC00","Chewing","W","W",3,49,34,"Acetate",16.64,"3"
"1_34",1,"KC00","Chewing","W","W",3,49,34,"Butyrate",6.02,"3"
"1_34",1,"KC00","Chewing","W","W",3,49,34,"Isobutyrate",1.35,"3"
"1_34",1,"KC00","Chewing","W","W",3,49,34,"Isovalerate",1.84,"3"
"1_34",1,"KC00","Chewing","W","W",3,49,34,"Propionate",6.82,"3"
"1_34",1,"KC00","Chewing","W","W",3,49,34,"Valerate",1.61,"3"
"1_61",1,"KC00","Chewing","F","F",5,50,61,"Acetate",32.07,"5"
"1_61",1,"KC00","Chewing","F","F",5,50,61,"Butyrate",12.69,"5"
"1_61",1,"KC00","Chewing","F","F",5,50,61,"Isobutyrate",1.65,"5"
"1_61",1,"KC00","Chewing","F","F",5,50,61,"Isovalerate",2.01,"5"
"1_61",1,"KC00","Chewing","F","F",5,50,61,"Propionate",14.07,"5"
"1_61",1,"KC00","Chewing","F","F",5,50,61,"Valerate",2.18,"5"
"1_42",1,"PE27","Baseline","M","W",-4,51,42,"Acetate",45.14,"-6"
"1_42",1,"PE27","Baseline","M","W",-4,51,42,"Butyrate",20.57,"-6"
"1_42",1,"PE27","Baseline","M","W",-4,51,42,"Isobutyrate",0.44,"-6"
"1_42",1,"PE27","Baseline","M","W",-4,51,42,"Isovalerate",0.57,"-6"
"1_42",1,"PE27","Baseline","M","W",-4,51,42,"Propionate",7.19,"-6"
"1_42",1,"PE27","Baseline","M","W",-4,51,42,"Valerate",0.59,"-6"
"1_85",1,"PE27","Baseline","W","F",-2,52,85,"Acetate",44.02,"-4"
"1_85",1,"PE27","Baseline","W","F",-2,52,85,"Butyrate",18.05,"-4"
"1_85",1,"PE27","Baseline","W","F",-2,52,85,"Isobutyrate",0.74,"-4"
"1_85",1,"PE27","Baseline","W","F",-2,52,85,"Isovalerate",0.59,"-4"
"1_85",1,"PE27","Baseline","W","F",-2,52,85,"Propionate",11.27,"-4"
"1_85",1,"PE27","Baseline","W","F",-2,52,85,"Valerate",0.59,"-4"
"1_81",1,"PE27","Baseline","F","Su",0,53,81,"Acetate",20.81,"-2"
"1_81",1,"PE27","Baseline","F","Su",0,53,81,"Butyrate",5.88,"-2"
"1_81",1,"PE27","Baseline","F","Su",0,53,81,"Isobutyrate",0.42,"-2"
"1_81",1,"PE27","Baseline","F","Su",0,53,81,"Isovalerate",0.48,"-2"
"1_81",1,"PE27","Baseline","F","Su",0,53,81,"Propionate",4.61,"-2"
"1_81",1,"PE27","Baseline","F","Su",0,53,81,"Valerate",0.71,"-2"
"1_36",1,"PE27","Chewing","M","T",2,54,36,"Acetate",30.18,"1"
"1_36",1,"PE27","Chewing","M","T",2,54,36,"Butyrate",16.84,"1"
"1_36",1,"PE27","Chewing","M","T",2,54,36,"Isobutyrate",0.68,"1"
"1_36",1,"PE27","Chewing","M","T",2,54,36,"Isovalerate",0.64,"1"
"1_36",1,"PE27","Chewing","M","T",2,54,36,"Propionate",7.97,"1"
"1_36",1,"PE27","Chewing","M","T",2,54,36,"Valerate",0.59,"1"
"1_71",1,"UQ16","Baseline","M","M",-6,55,71,"Acetate",28.97,"-6"
"1_71",1,"UQ16","Baseline","M","M",-6,55,71,"Butyrate",16,"-6"
"1_71",1,"UQ16","Baseline","M","M",-6,55,71,"Isobutyrate",3.59,"-6"
"1_71",1,"UQ16","Baseline","M","M",-6,55,71,"Isovalerate",4.91,"-6"
"1_71",1,"UQ16","Baseline","M","M",-6,55,71,"Propionate",11.32,"-6"
"1_71",1,"UQ16","Baseline","M","M",-6,55,71,"Valerate",3.21,"-6"
"1_31",1,"UQ16","Baseline","W","R",-3,56,31,"Acetate",25.4,"-4"
"1_31",1,"UQ16","Baseline","W","R",-3,56,31,"Butyrate",21.56,"-4"
"1_31",1,"UQ16","Baseline","W","R",-3,56,31,"Isobutyrate",4.31,"-4"
"1_31",1,"UQ16","Baseline","W","R",-3,56,31,"Isovalerate",6.56,"-4"
"1_31",1,"UQ16","Baseline","W","R",-3,56,31,"Propionate",10.09,"-4"
"1_31",1,"UQ16","Baseline","W","R",-3,56,31,"Valerate",3.85,"-4"
"1_3",1,"UQ16","Baseline","F","Su",0,57,3,"Acetate",20.92,"-2"
"1_3",1,"UQ16","Baseline","F","Su",0,57,3,"Butyrate",10.88,"-2"
"1_3",1,"UQ16","Baseline","F","Su",0,57,3,"Isobutyrate",2.35,"-2"
"1_3",1,"UQ16","Baseline","F","Su",0,57,3,"Isovalerate",3.42,"-2"
"1_3",1,"UQ16","Baseline","F","Su",0,57,3,"Propionate",6.75,"-2"
"1_3",1,"UQ16","Baseline","F","Su",0,57,3,"Valerate",2.69,"-2"
"1_74",1,"UQ16","Chewing","M","T",2,58,74,"Acetate",8.1,"1"
"1_74",1,"UQ16","Chewing","M","T",2,58,74,"Butyrate",4.13,"1"
"1_74",1,"UQ16","Chewing","M","T",2,58,74,"Isobutyrate",1.14,"1"
"1_74",1,"UQ16","Chewing","M","T",2,58,74,"Isovalerate",1.38,"1"
"1_74",1,"UQ16","Chewing","M","T",2,58,74,"Propionate",3.4,"1"
"1_74",1,"UQ16","Chewing","M","T",2,58,74,"Valerate",1.18,"1"
"1_8",1,"UQ16","Chewing","W","R",4,59,8,"Acetate",20.29,"3"
"1_8",1,"UQ16","Chewing","W","R",4,59,8,"Butyrate",12.12,"3"
"1_8",1,"UQ16","Chewing","W","R",4,59,8,"Isobutyrate",3.16,"3"
"1_8",1,"UQ16","Chewing","W","R",4,59,8,"Isovalerate",4.81,"3"
"1_8",1,"UQ16","Chewing","W","R",4,59,8,"Propionate",8.84,"3"
"1_8",1,"UQ16","Chewing","W","R",4,59,8,"Valerate",2.68,"3"
"1_86",1,"UQ16","Chewing","F","Su",7,60,86,"Acetate",22.83,"5"
"1_86",1,"UQ16","Chewing","F","Su",7,60,86,"Butyrate",14.64,"5"
"1_86",1,"UQ16","Chewing","F","Su",7,60,86,"Isobutyrate",3.74,"5"
"1_86",1,"UQ16","Chewing","F","Su",7,60,86,"Isovalerate",5.53,"5"
"1_86",1,"UQ16","Chewing","F","Su",7,60,86,"Propionate",8.03,"5"
"1_86",1,"UQ16","Chewing","F","Su",7,60,86,"Valerate",3.46,"5"
"1_35",1,"UQ43","Baseline","M","T",-5,61,35,"Acetate",13.24,"-6"
"1_35",1,"UQ43","Baseline","M","T",-5,61,35,"Butyrate",5.34,"-6"
"1_35",1,"UQ43","Baseline","M","T",-5,61,35,"Isobutyrate",1.01,"-6"
"1_35",1,"UQ43","Baseline","M","T",-5,61,35,"Isovalerate",1.25,"-6"
"1_35",1,"UQ43","Baseline","M","T",-5,61,35,"Propionate",4.98,"-6"
"1_35",1,"UQ43","Baseline","M","T",-5,61,35,"Valerate",1.14,"-6"
"1_70",1,"UQ43","Baseline","W","W",-4,62,70,"Acetate",32.8,"-4"
"1_70",1,"UQ43","Baseline","W","W",-4,62,70,"Butyrate",15.86,"-4"
"1_70",1,"UQ43","Baseline","W","W",-4,62,70,"Isobutyrate",1.71,"-4"
"1_70",1,"UQ43","Baseline","W","W",-4,62,70,"Isovalerate",2.14,"-4"
"1_70",1,"UQ43","Baseline","W","W",-4,62,70,"Propionate",14.96,"-4"
"1_70",1,"UQ43","Baseline","W","W",-4,62,70,"Valerate",2.2,"-4"
"1_46",1,"UQ43","Baseline","F","F",-2,63,46,"Acetate",16.88,"-2"
"1_46",1,"UQ43","Baseline","F","F",-2,63,46,"Butyrate",8.15,"-2"
"1_46",1,"UQ43","Baseline","F","F",-2,63,46,"Isobutyrate",0.49,"-2"
"1_46",1,"UQ43","Baseline","F","F",-2,63,46,"Isovalerate",0.66,"-2"
"1_46",1,"UQ43","Baseline","F","F",-2,63,46,"Propionate",9.62,"-2"
"1_46",1,"UQ43","Baseline","F","F",-2,63,46,"Valerate",1.06,"-2"
"1_69",1,"UQ43","Chewing","M","T",2,64,69,"Acetate",24.48,"1"
"1_69",1,"UQ43","Chewing","M","T",2,64,69,"Butyrate",8.84,"1"
"1_69",1,"UQ43","Chewing","M","T",2,64,69,"Isobutyrate",2.27,"1"
"1_69",1,"UQ43","Chewing","M","T",2,64,69,"Isovalerate",2.99,"1"
"1_69",1,"UQ43","Chewing","M","T",2,64,69,"Propionate",8.43,"1"
"1_69",1,"UQ43","Chewing","M","T",2,64,69,"Valerate",2.06,"1"
"1_92",1,"UQ43","Chewing","W","R",4,65,92,"Acetate",20.03,"3"
"1_92",1,"UQ43","Chewing","W","R",4,65,92,"Butyrate",8.74,"3"
"1_92",1,"UQ43","Chewing","W","R",4,65,92,"Isobutyrate",1.48,"3"
"1_92",1,"UQ43","Chewing","W","R",4,65,92,"Isovalerate",1.9,"3"
"1_92",1,"UQ43","Chewing","W","R",4,65,92,"Propionate",8.8,"3"
"1_92",1,"UQ43","Chewing","W","R",4,65,92,"Valerate",1.68,"3"
"1_87",1,"UQ43","Chewing","F","F",5,66,87,"Acetate",18.42,"5"
"1_87",1,"UQ43","Chewing","F","F",5,66,87,"Butyrate",8.03,"5"
"1_87",1,"UQ43","Chewing","F","F",5,66,87,"Isobutyrate",1.03,"5"
"1_87",1,"UQ43","Chewing","F","F",5,66,87,"Isovalerate",1.41,"5"
"1_87",1,"UQ43","Chewing","F","F",5,66,87,"Propionate",8.2,"5"
"1_87",1,"UQ43","Chewing","F","F",5,66,87,"Valerate",1.28,"5"
"1_5",1,"VL51","Baseline","M","M",-6,67,5,"Acetate",35.12,"-6"
"1_5",1,"VL51","Baseline","M","M",-6,67,5,"Butyrate",12.74,"-6"
"1_5",1,"VL51","Baseline","M","M",-6,67,5,"Isobutyrate",1,"-6"
"1_5",1,"VL51","Baseline","M","M",-6,67,5,"Isovalerate",1.36,"-6"
"1_5",1,"VL51","Baseline","M","M",-6,67,5,"Propionate",10.03,"-6"
"1_5",1,"VL51","Baseline","M","M",-6,67,5,"Valerate",1.16,"-6"
"1_52",1,"VL51","Baseline","W","W",-4,68,52,"Acetate",21.16,"-4"
"1_52",1,"VL51","Baseline","W","W",-4,68,52,"Butyrate",2.1,"-4"
"1_52",1,"VL51","Baseline","W","W",-4,68,52,"Isobutyrate",0.72,"-4"
"1_52",1,"VL51","Baseline","W","W",-4,68,52,"Isovalerate",0.57,"-4"
"1_52",1,"VL51","Baseline","W","W",-4,68,52,"Propionate",6.57,"-4"
"1_52",1,"VL51","Baseline","W","W",-4,68,52,"Valerate",1.58,"-4"
"1_83",1,"VL51","Baseline","F","F",-2,69,83,"Acetate",25.3,"-2"
"1_83",1,"VL51","Baseline","F","F",-2,69,83,"Butyrate",5.78,"-2"
"1_83",1,"VL51","Baseline","F","F",-2,69,83,"Isobutyrate",1.12,"-2"
"1_83",1,"VL51","Baseline","F","F",-2,69,83,"Isovalerate",1.26,"-2"
"1_83",1,"VL51","Baseline","F","F",-2,69,83,"Propionate",9.51,"-2"
"1_83",1,"VL51","Baseline","F","F",-2,69,83,"Valerate",0.97,"-2"
"1_73",1,"VL51","Chewing","M","M",1,70,73,"Acetate",21.55,"1"
"1_73",1,"VL51","Chewing","M","M",1,70,73,"Butyrate",3.3,"1"
"1_73",1,"VL51","Chewing","M","M",1,70,73,"Isobutyrate",0.69,"1"
"1_73",1,"VL51","Chewing","M","M",1,70,73,"Isovalerate",0.77,"1"
"1_73",1,"VL51","Chewing","M","M",1,70,73,"Propionate",6.76,"1"
"1_73",1,"VL51","Chewing","M","M",1,70,73,"Valerate",0.74,"1"
"1_60",1,"VL51","Chewing","W","R",4,71,60,"Acetate",11.59,"3"
"1_60",1,"VL51","Chewing","W","R",4,71,60,"Butyrate",2.85,"3"
"1_60",1,"VL51","Chewing","W","R",4,71,60,"Isobutyrate",1.16,"3"
"1_60",1,"VL51","Chewing","W","R",4,71,60,"Isovalerate",1.52,"3"
"1_60",1,"VL51","Chewing","W","R",4,71,60,"Propionate",4.46,"3"
"1_60",1,"VL51","Chewing","W","R",4,71,60,"Valerate",1.03,"3"
"1_44",1,"VL51","Chewing","F","F",5,72,44,"Acetate",16.61,"5"
"1_44",1,"VL51","Chewing","F","F",5,72,44,"Butyrate",6.3,"5"
"1_44",1,"VL51","Chewing","F","F",5,72,44,"Isobutyrate",1.01,"5"
"1_44",1,"VL51","Chewing","F","F",5,72,44,"Isovalerate",1.35,"5"
"1_44",1,"VL51","Chewing","F","F",5,72,44,"Propionate",6.81,"5"
"1_44",1,"VL51","Chewing","F","F",5,72,44,"Valerate",1.19,"5"
"1_30",1,"WH89","Baseline","M","M",-6,73,30,"Acetate",39.91,"-6"
"1_30",1,"WH89","Baseline","M","M",-6,73,30,"Butyrate",29.35,"-6"
"1_30",1,"WH89","Baseline","M","M",-6,73,30,"Isobutyrate",0.89,"-6"
"1_30",1,"WH89","Baseline","M","M",-6,73,30,"Isovalerate",1.14,"-6"
"1_30",1,"WH89","Baseline","M","M",-6,73,30,"Propionate",13.4,"-6"
"1_30",1,"WH89","Baseline","M","M",-6,73,30,"Valerate",1.61,"-6"
"1_90",1,"WH89","Baseline","W","W",-4,74,90,"Acetate",22.68,"-4"
"1_90",1,"WH89","Baseline","W","W",-4,74,90,"Butyrate",13.92,"-4"
"1_90",1,"WH89","Baseline","W","W",-4,74,90,"Isobutyrate",0.58,"-4"
"1_90",1,"WH89","Baseline","W","W",-4,74,90,"Isovalerate",0.55,"-4"
"1_90",1,"WH89","Baseline","W","W",-4,74,90,"Propionate",6.22,"-4"
"1_90",1,"WH89","Baseline","W","W",-4,74,90,"Valerate",1.25,"-4"
"1_4",1,"WH89","Baseline","F","F",-2,75,4,"Acetate",24.8,"-2"
"1_4",1,"WH89","Baseline","F","F",-2,75,4,"Butyrate",20.17,"-2"
"1_4",1,"WH89","Baseline","F","F",-2,75,4,"Isobutyrate",1.34,"-2"
"1_4",1,"WH89","Baseline","F","F",-2,75,4,"Isovalerate",1.98,"-2"
"1_4",1,"WH89","Baseline","F","F",-2,75,4,"Propionate",9.58,"-2"
"1_4",1,"WH89","Baseline","F","F",-2,75,4,"Valerate",1.84,"-2"
"1_2",1,"WH89","Chewing","M","M",1,76,2,"Acetate",10.67,"1"
"1_2",1,"WH89","Chewing","M","M",1,76,2,"Butyrate",9.15,"1"
"1_2",1,"WH89","Chewing","M","M",1,76,2,"Isobutyrate",1.22,"1"
"1_2",1,"WH89","Chewing","M","M",1,76,2,"Isovalerate",1.85,"1"
"1_2",1,"WH89","Chewing","M","M",1,76,2,"Propionate",7,"1"
"1_2",1,"WH89","Chewing","M","M",1,76,2,"Valerate",1.66,"1"
"1_29",1,"WH89","Chewing","W","W",3,77,29,"Acetate",31.59,"3"
"1_29",1,"WH89","Chewing","W","W",3,77,29,"Butyrate",30.89,"3"
"1_29",1,"WH89","Chewing","W","W",3,77,29,"Isobutyrate",0.75,"3"
"1_29",1,"WH89","Chewing","W","W",3,77,29,"Isovalerate",0.86,"3"
"1_29",1,"WH89","Chewing","W","W",3,77,29,"Propionate",11.18,"3"
"1_29",1,"WH89","Chewing","W","W",3,77,29,"Valerate",1.38,"3"
"1_68",1,"WH89","Chewing","F","Sa",6,78,68,"Acetate",23.47,"5"
"1_68",1,"WH89","Chewing","F","Sa",6,78,68,"Butyrate",22.08,"5"
"1_68",1,"WH89","Chewing","F","Sa",6,78,68,"Isobutyrate",1.05,"5"
"1_68",1,"WH89","Chewing","F","Sa",6,78,68,"Isovalerate",1.02,"5"
"1_68",1,"WH89","Chewing","F","Sa",6,78,68,"Propionate",8.39,"5"
"1_68",1,"WH89","Chewing","F","Sa",6,78,68,"Valerate",1.91,"5"
"1_45",1,"WU81","Baseline","M","M",-6,79,45,"Acetate",23.84,"-6"
"1_45",1,"WU81","Baseline","M","M",-6,79,45,"Butyrate",10.91,"-6"
"1_45",1,"WU81","Baseline","M","M",-6,79,45,"Isobutyrate",1.22,"-6"
"1_45",1,"WU81","Baseline","M","M",-6,79,45,"Isovalerate",1.39,"-6"
"1_45",1,"WU81","Baseline","M","M",-6,79,45,"Propionate",9.41,"-6"
"1_45",1,"WU81","Baseline","M","M",-6,79,45,"Valerate",1.96,"-6"
"1_15",1,"WU81","Baseline","W","W",-4,80,15,"Acetate",18.79,"-4"
"1_15",1,"WU81","Baseline","W","W",-4,80,15,"Butyrate",9.37,"-4"
"1_15",1,"WU81","Baseline","W","W",-4,80,15,"Isobutyrate",1.63,"-4"
"1_15",1,"WU81","Baseline","W","W",-4,80,15,"Isovalerate",2.32,"-4"
"1_15",1,"WU81","Baseline","W","W",-4,80,15,"Propionate",7.83,"-4"
"1_15",1,"WU81","Baseline","W","W",-4,80,15,"Valerate",2.05,"-4"
"1_76",1,"WU81","Baseline","F","F",-2,81,76,"Acetate",35.51,"-2"
"1_76",1,"WU81","Baseline","F","F",-2,81,76,"Butyrate",15.61,"-2"
"1_76",1,"WU81","Baseline","F","F",-2,81,76,"Isobutyrate",0.69,"-2"
"1_76",1,"WU81","Baseline","F","F",-2,81,76,"Isovalerate",0.98,"-2"
"1_76",1,"WU81","Baseline","F","F",-2,81,76,"Propionate",11.68,"-2"
"1_76",1,"WU81","Baseline","F","F",-2,81,76,"Valerate",2.34,"-2"
"1_63",1,"WU81","Chewing","M","M",1,82,63,"Acetate",22.05,"1"
"1_63",1,"WU81","Chewing","M","M",1,82,63,"Butyrate",6.87,"1"
"1_63",1,"WU81","Chewing","M","M",1,82,63,"Isobutyrate",1.78,"1"
"1_63",1,"WU81","Chewing","M","M",1,82,63,"Isovalerate",2.2,"1"
"1_63",1,"WU81","Chewing","M","M",1,82,63,"Propionate",9.2,"1"
"1_63",1,"WU81","Chewing","M","M",1,82,63,"Valerate",2.02,"1"
"1_91",1,"WU81","Chewing","W","W",3,83,91,"Acetate",16.92,"3"
"1_91",1,"WU81","Chewing","W","W",3,83,91,"Butyrate",6.53,"3"
"1_91",1,"WU81","Chewing","W","W",3,83,91,"Isobutyrate",1.46,"3"
"1_91",1,"WU81","Chewing","W","W",3,83,91,"Isovalerate",2.03,"3"
"1_91",1,"WU81","Chewing","W","W",3,83,91,"Propionate",6.95,"3"
"1_91",1,"WU81","Chewing","W","W",3,83,91,"Valerate",1.74,"3"
"1_38",1,"WU81","Chewing","F","F",5,84,38,"Acetate",16.21,"5"
"1_38",1,"WU81","Chewing","F","F",5,84,38,"Butyrate",5.51,"5"
"1_38",1,"WU81","Chewing","F","F",5,84,38,"Isobutyrate",1.12,"5"
"1_38",1,"WU81","Chewing","F","F",5,84,38,"Isovalerate",1.56,"5"
"1_38",1,"WU81","Chewing","F","F",5,84,38,"Propionate",6.01,"5"
"1_38",1,"WU81","Chewing","F","F",5,84,38,"Valerate",1.44,"5"
"1_7",1,"YF85","Baseline","M","T",-5,85,7,"Acetate",41.34,"-6"
"1_7",1,"YF85","Baseline","M","T",-5,85,7,"Butyrate",15.62,"-6"
"1_7",1,"YF85","Baseline","M","T",-5,85,7,"Isobutyrate",2.4,"-6"
"1_7",1,"YF85","Baseline","M","T",-5,85,7,"Isovalerate",3.07,"-6"
"1_7",1,"YF85","Baseline","M","T",-5,85,7,"Propionate",22.16,"-6"
"1_7",1,"YF85","Baseline","M","T",-5,85,7,"Valerate",3.52,"-6"
"1_24",1,"YF85","Baseline","W","W",-4,86,24,"Acetate",18.2,"-4"
"1_24",1,"YF85","Baseline","W","W",-4,86,24,"Butyrate",5.93,"-4"
"1_24",1,"YF85","Baseline","W","W",-4,86,24,"Isobutyrate",1.58,"-4"
"1_24",1,"YF85","Baseline","W","W",-4,86,24,"Isovalerate",1.85,"-4"
"1_24",1,"YF85","Baseline","W","W",-4,86,24,"Propionate",11.72,"-4"
"1_24",1,"YF85","Baseline","W","W",-4,86,24,"Valerate",1.55,"-4"
"1_27",1,"YF85","Baseline","F","F",-2,87,27,"Acetate",22,"-2"
"1_27",1,"YF85","Baseline","F","F",-2,87,27,"Butyrate",9.46,"-2"
"1_27",1,"YF85","Baseline","F","F",-2,87,27,"Isobutyrate",1.89,"-2"
"1_27",1,"YF85","Baseline","F","F",-2,87,27,"Isovalerate",2.58,"-2"
"1_27",1,"YF85","Baseline","F","F",-2,87,27,"Propionate",11.93,"-2"
"1_27",1,"YF85","Baseline","F","F",-2,87,27,"Valerate",2.08,"-2"
"1_47",1,"YF85","Chewing","M","W",3,88,47,"Acetate",30.2,"1"
"1_47",1,"YF85","Chewing","M","W",3,88,47,"Butyrate",12.56,"1"
"1_47",1,"YF85","Chewing","M","W",3,88,47,"Isobutyrate",1.47,"1"
"1_47",1,"YF85","Chewing","M","W",3,88,47,"Isovalerate",1.59,"1"
"1_47",1,"YF85","Chewing","M","W",3,88,47,"Propionate",11.52,"1"
"1_47",1,"YF85","Chewing","M","W",3,88,47,"Valerate",2.59,"1"
"1_20",1,"YF85","Chewing","W","R",4,89,20,"Acetate",35.83,"3"
"1_20",1,"YF85","Chewing","W","R",4,89,20,"Butyrate",11.11,"3"
"1_20",1,"YF85","Chewing","W","R",4,89,20,"Isobutyrate",1.27,"3"
"1_20",1,"YF85","Chewing","W","R",4,89,20,"Isovalerate",1.24,"3"
"1_20",1,"YF85","Chewing","W","R",4,89,20,"Propionate",16.66,"3"
"1_20",1,"YF85","Chewing","W","R",4,89,20,"Valerate",2.39,"3"
"1_1",1,"YF85","Chewing","F","M",8,90,1,"Acetate",23.06,"5"
"1_1",1,"YF85","Chewing","F","M",8,90,1,"Butyrate",11.04,"5"
"1_1",1,"YF85","Chewing","F","M",8,90,1,"Isobutyrate",1.99,"5"
"1_1",1,"YF85","Chewing","F","M",8,90,1,"Isovalerate",2.54,"5"
"1_1",1,"YF85","Chewing","F","M",8,90,1,"Propionate",11.73,"5"
"1_1",1,"YF85","Chewing","F","M",8,90,1,"Valerate",2.41,"5"
"1_67",1,"ZR77","Baseline","M","T",-5,91,67,"Acetate",13.29,"-6"
"1_67",1,"ZR77","Baseline","M","T",-5,91,67,"Butyrate",7.28,"-6"
"1_67",1,"ZR77","Baseline","M","T",-5,91,67,"Isobutyrate",0.42,"-6"
"1_67",1,"ZR77","Baseline","M","T",-5,91,67,"Isovalerate",0.32,"-6"
"1_67",1,"ZR77","Baseline","M","T",-5,91,67,"Propionate",1.39,"-6"
"1_67",1,"ZR77","Baseline","M","T",-5,91,67,"Valerate",0.87,"-6"
"1_50",1,"ZR77","Baseline","W","R",-3,92,50,"Acetate",26.95,"-4"
"1_50",1,"ZR77","Baseline","W","R",-3,92,50,"Butyrate",6.31,"-4"
"1_50",1,"ZR77","Baseline","W","R",-3,92,50,"Isobutyrate",0.78,"-4"
"1_50",1,"ZR77","Baseline","W","R",-3,92,50,"Isovalerate",0.63,"-4"
"1_50",1,"ZR77","Baseline","W","R",-3,92,50,"Propionate",14.1,"-4"
"1_50",1,"ZR77","Baseline","W","R",-3,92,50,"Valerate",1.81,"-4"
"1_56",1,"ZR77","Baseline","F","Sa",-1,93,56,"Acetate",18.58,"-2"
"1_56",1,"ZR77","Baseline","F","Sa",-1,93,56,"Butyrate",6.29,"-2"
"1_56",1,"ZR77","Baseline","F","Sa",-1,93,56,"Isobutyrate",1.44,"-2"
"1_56",1,"ZR77","Baseline","F","Sa",-1,93,56,"Isovalerate",1.9,"-2"
"1_56",1,"ZR77","Baseline","F","Sa",-1,93,56,"Propionate",11.26,"-2"
"1_56",1,"ZR77","Baseline","F","Sa",-1,93,56,"Valerate",1.97,"-2"
"1_88",1,"ZR77","Chewing","M","M",1,94,88,"Acetate",24.93,"1"
"1_88",1,"ZR77","Chewing","M","M",1,94,88,"Butyrate",13.25,"1"
"1_88",1,"ZR77","Chewing","M","M",1,94,88,"Isobutyrate",0.96,"1"
"1_88",1,"ZR77","Chewing","M","M",1,94,88,"Isovalerate",0.99,"1"
"1_88",1,"ZR77","Chewing","M","M",1,94,88,"Propionate",14.6,"1"
"1_88",1,"ZR77","Chewing","M","M",1,94,88,"Valerate",2.22,"1"
"1_19",1,"ZR77","Chewing","W","W",3,95,19,"Acetate",24.8,"3"
"1_19",1,"ZR77","Chewing","W","W",3,95,19,"Butyrate",10.47,"3"
"1_19",1,"ZR77","Chewing","W","W",3,95,19,"Isobutyrate",0.66,"3"
"1_19",1,"ZR77","Chewing","W","W",3,95,19,"Isovalerate",1.04,"3"
"1_19",1,"ZR77","Chewing","W","W",3,95,19,"Propionate",7.16,"3"
"1_19",1,"ZR77","Chewing","W","W",3,95,19,"Valerate",1.02,"3"
"1_77",1,"ZR77","Chewing","F","F",5,96,77,"Acetate",21.73,"5"
"1_77",1,"ZR77","Chewing","F","F",5,96,77,"Butyrate",6.97,"5"
"1_77",1,"ZR77","Chewing","F","F",5,96,77,"Isobutyrate",1.16,"5"
"1_77",1,"ZR77","Chewing","F","F",5,96,77,"Isovalerate",1.38,"5"
"1_77",1,"ZR77","Chewing","F","F",5,96,77,"Propionate",14.63,"5"
"1_77",1,"ZR77","Chewing","F","F",5,96,77,"Valerate",2.04,"5"
"2_46",2,"LC73","Baseline","M","T",-5,1,46,"Acetate",29.78,"-6"
"2_46",2,"LC73","Baseline","M","T",-5,1,46,"Propionate",7.67,"-6"
"2_46",2,"LC73","Baseline","M","T",-5,1,46,"Isobutyrate",1.67,"-6"
"2_46",2,"LC73","Baseline","M","T",-5,1,46,"Butyrate",5.74,"-6"
"2_46",2,"LC73","Baseline","M","T",-5,1,46,"Isovalerate",2.4,"-6"
"2_46",2,"LC73","Baseline","M","T",-5,1,46,"Valerate",1.46,"-6"
"2_5",2,"LC73","Baseline","W","W",-4,2,5,"Acetate",57,"-4"
"2_5",2,"LC73","Baseline","W","W",-4,2,5,"Propionate",11.68,"-4"
"2_5",2,"LC73","Baseline","W","W",-4,2,5,"Isobutyrate",1.2,"-4"
"2_5",2,"LC73","Baseline","W","W",-4,2,5,"Butyrate",18.02,"-4"
"2_5",2,"LC73","Baseline","W","W",-4,2,5,"Isovalerate",1.32,"-4"
"2_5",2,"LC73","Baseline","W","W",-4,2,5,"Valerate",1.81,"-4"
"2_9",2,"LC73","Baseline","F","F",-2,3,9,"Acetate",55.98,"-2"
"2_9",2,"LC73","Baseline","F","F",-2,3,9,"Propionate",13.53,"-2"
"2_9",2,"LC73","Baseline","F","F",-2,3,9,"Isobutyrate",2.4,"-2"
"2_9",2,"LC73","Baseline","F","F",-2,3,9,"Butyrate",16.7,"-2"
"2_9",2,"LC73","Baseline","F","F",-2,3,9,"Isovalerate",2.73,"-2"
"2_9",2,"LC73","Baseline","F","F",-2,3,9,"Valerate",2.62,"-2"
"2_41",2,"LC73","Chewing","M","M",1,4,41,"Acetate",25.71,"1"
"2_41",2,"LC73","Chewing","M","M",1,4,41,"Propionate",7.7,"1"
"2_41",2,"LC73","Chewing","M","M",1,4,41,"Isobutyrate",1.6,"1"
"2_41",2,"LC73","Chewing","M","M",1,4,41,"Butyrate",5.44,"1"
"2_41",2,"LC73","Chewing","M","M",1,4,41,"Isovalerate",1.66,"1"
"2_41",2,"LC73","Chewing","M","M",1,4,41,"Valerate",3.29,"1"
"2_57",2,"LC73","Chewing","W","R",4,5,57,"Acetate",24.42,"3"
"2_57",2,"LC73","Chewing","W","R",4,5,57,"Propionate",6.55,"3"
"2_57",2,"LC73","Chewing","W","R",4,5,57,"Isobutyrate",1.39,"3"
"2_57",2,"LC73","Chewing","W","R",4,5,57,"Butyrate",5.22,"3"
"2_57",2,"LC73","Chewing","W","R",4,5,57,"Isovalerate",1.53,"3"
"2_57",2,"LC73","Chewing","W","R",4,5,57,"Valerate",1.39,"3"
"2_8",2,"LC73","Chewing","F","F",5,6,8,"Acetate",22.92,"5"
"2_8",2,"LC73","Chewing","F","F",5,6,8,"Propionate",6.59,"5"
"2_8",2,"LC73","Chewing","F","F",5,6,8,"Isobutyrate",1.29,"5"
"2_8",2,"LC73","Chewing","F","F",5,6,8,"Butyrate",5.44,"5"
"2_8",2,"LC73","Chewing","F","F",5,6,8,"Isovalerate",1.45,"5"
"2_8",2,"LC73","Chewing","F","F",5,6,8,"Valerate",1.43,"5"
"2_44",2,"VQ77","Baseline","M","M",-6,7,44,"Acetate",38.55,"-6"
"2_44",2,"VQ77","Baseline","M","M",-6,7,44,"Propionate",10.02,"-6"
"2_44",2,"VQ77","Baseline","M","M",-6,7,44,"Isobutyrate",2.43,"-6"
"2_44",2,"VQ77","Baseline","M","M",-6,7,44,"Butyrate",8.61,"-6"
"2_44",2,"VQ77","Baseline","M","M",-6,7,44,"Isovalerate",2.72,"-6"
"2_44",2,"VQ77","Baseline","M","M",-6,7,44,"Valerate",2.75,"-6"
"2_65",2,"VQ77","Baseline","W","W",-4,8,65,"Acetate",36.12,"-4"
"2_65",2,"VQ77","Baseline","W","W",-4,8,65,"Propionate",9.87,"-4"
"2_65",2,"VQ77","Baseline","W","W",-4,8,65,"Isobutyrate",2.92,"-4"
"2_65",2,"VQ77","Baseline","W","W",-4,8,65,"Butyrate",11.16,"-4"
"2_65",2,"VQ77","Baseline","W","W",-4,8,65,"Isovalerate",4.31,"-4"
"2_65",2,"VQ77","Baseline","W","W",-4,8,65,"Valerate",2.84,"-4"
"2_61",2,"VQ77","Baseline","F","F",-2,9,61,"Acetate",23.49,"-2"
"2_61",2,"VQ77","Baseline","F","F",-2,9,61,"Propionate",4.43,"-2"
"2_61",2,"VQ77","Baseline","F","F",-2,9,61,"Isobutyrate",1.66,"-2"
"2_61",2,"VQ77","Baseline","F","F",-2,9,61,"Butyrate",3.7,"-2"
"2_61",2,"VQ77","Baseline","F","F",-2,9,61,"Isovalerate",2.51,"-2"
"2_61",2,"VQ77","Baseline","F","F",-2,9,61,"Valerate",1.67,"-2"
"2_69",2,"VQ77","Chewing","M","T",2,10,69,"Acetate",41,"1"
"2_69",2,"VQ77","Chewing","M","T",2,10,69,"Propionate",9.39,"1"
"2_69",2,"VQ77","Chewing","M","T",2,10,69,"Isobutyrate",2.56,"1"
"2_69",2,"VQ77","Chewing","M","T",2,10,69,"Butyrate",10.54,"1"
"2_69",2,"VQ77","Chewing","M","T",2,10,69,"Isovalerate",3.03,"1"
"2_69",2,"VQ77","Chewing","M","T",2,10,69,"Valerate",2.76,"1"
"2_16",2,"VQ77","Chewing","W","R",4,11,16,"Acetate",38.36,"3"
"2_16",2,"VQ77","Chewing","W","R",4,11,16,"Propionate",7.66,"3"
"2_16",2,"VQ77","Chewing","W","R",4,11,16,"Isobutyrate",1.73,"3"
"2_16",2,"VQ77","Chewing","W","R",4,11,16,"Butyrate",8.83,"3"
"2_16",2,"VQ77","Chewing","W","R",4,11,16,"Isovalerate",2.03,"3"
"2_16",2,"VQ77","Chewing","W","R",4,11,16,"Valerate",2.4,"3"
"2_67",2,"VQ77","Chewing","F","F",5,12,67,"Acetate",42.49,"5"
"2_67",2,"VQ77","Chewing","F","F",5,12,67,"Propionate",7.68,"5"
"2_67",2,"VQ77","Chewing","F","F",5,12,67,"Isobutyrate",2.42,"5"
"2_67",2,"VQ77","Chewing","F","F",5,12,67,"Butyrate",12.74,"5"
"2_67",2,"VQ77","Chewing","F","F",5,12,67,"Isovalerate",2.89,"5"
"2_67",2,"VQ77","Chewing","F","F",5,12,67,"Valerate",3.38,"5"
"2_10",2,"EF80","Baseline","M","T",-5,13,10,"Acetate",21.49,"-6"
"2_10",2,"EF80","Baseline","M","T",-5,13,10,"Propionate",6.18,"-6"
"2_10",2,"EF80","Baseline","M","T",-5,13,10,"Isobutyrate",1.66,"-6"
"2_10",2,"EF80","Baseline","M","T",-5,13,10,"Butyrate",5.1,"-6"
"2_10",2,"EF80","Baseline","M","T",-5,13,10,"Isovalerate",2.32,"-6"
"2_10",2,"EF80","Baseline","M","T",-5,13,10,"Valerate",1.75,"-6"
"2_71",2,"EF80","Baseline","W","W",-4,14,71,"Acetate",19.78,"-4"
"2_71",2,"EF80","Baseline","W","W",-4,14,71,"Propionate",4.95,"-4"
"2_71",2,"EF80","Baseline","W","W",-4,14,71,"Isobutyrate",1.31,"-4"
"2_71",2,"EF80","Baseline","W","W",-4,14,71,"Butyrate",3.98,"-4"
"2_71",2,"EF80","Baseline","W","W",-4,14,71,"Isovalerate",1.49,"-4"
"2_71",2,"EF80","Baseline","W","W",-4,14,71,"Valerate",1.54,"-4"
"2_14",2,"EF80","Baseline","F","F",-2,15,14,"Acetate",33.48,"-2"
"2_14",2,"EF80","Baseline","F","F",-2,15,14,"Propionate",9.79,"-2"
"2_14",2,"EF80","Baseline","F","F",-2,15,14,"Isobutyrate",1.97,"-2"
"2_14",2,"EF80","Baseline","F","F",-2,15,14,"Butyrate",8.01,"-2"
"2_14",2,"EF80","Baseline","F","F",-2,15,14,"Isovalerate",2.32,"-2"
"2_14",2,"EF80","Baseline","F","F",-2,15,14,"Valerate",2.24,"-2"
"2_55",2,"EF80","Chewing","M","T",2,16,55,"Acetate",24.58,"1"
"2_55",2,"EF80","Chewing","M","T",2,16,55,"Propionate",4.75,"1"
"2_55",2,"EF80","Chewing","M","T",2,16,55,"Isobutyrate",1.48,"1"
"2_55",2,"EF80","Chewing","M","T",2,16,55,"Butyrate",4.35,"1"
"2_55",2,"EF80","Chewing","M","T",2,16,55,"Isovalerate",1.69,"1"
"2_55",2,"EF80","Chewing","M","T",2,16,55,"Valerate",1.56,"1"
"2_29",2,"EF80","Chewing","W","W",3,17,29,"Acetate",21.07,"3"
"2_29",2,"EF80","Chewing","W","W",3,17,29,"Propionate",4.94,"3"
"2_29",2,"EF80","Chewing","W","W",3,17,29,"Isobutyrate",1.38,"3"
"2_29",2,"EF80","Chewing","W","W",3,17,29,"Butyrate",4.23,"3"
"2_29",2,"EF80","Chewing","W","W",3,17,29,"Isovalerate",2.12,"3"
"2_29",2,"EF80","Chewing","W","W",3,17,29,"Valerate",1.62,"3"
"2_66",2,"EF80","Chewing","F","F",5,18,66,"Acetate",22.47,"5"
"2_66",2,"EF80","Chewing","F","F",5,18,66,"Propionate",6.82,"5"
"2_66",2,"EF80","Chewing","F","F",5,18,66,"Isobutyrate",1.94,"5"
"2_66",2,"EF80","Chewing","F","F",5,18,66,"Butyrate",6.13,"5"
"2_66",2,"EF80","Chewing","F","F",5,18,66,"Isovalerate",2.78,"5"
"2_66",2,"EF80","Chewing","F","F",5,18,66,"Valerate",2.02,"5"
"2_31",2,"IJ90","Baseline","M","M",-6,25,31,"Acetate",54.97,"-6"
"2_31",2,"IJ90","Baseline","M","M",-6,25,31,"Propionate",15.73,"-6"
"2_31",2,"IJ90","Baseline","M","M",-6,25,31,"Isobutyrate",2.28,"-6"
"2_31",2,"IJ90","Baseline","M","M",-6,25,31,"Butyrate",9.73,"-6"
"2_31",2,"IJ90","Baseline","M","M",-6,25,31,"Isovalerate",2.15,"-6"
"2_31",2,"IJ90","Baseline","M","M",-6,25,31,"Valerate",0.87,"-6"
"2_32",2,"IJ90","Baseline","W","W",-4,26,32,"Acetate",46.68,"-4"
"2_32",2,"IJ90","Baseline","W","W",-4,26,32,"Propionate",6.13,"-4"
"2_32",2,"IJ90","Baseline","W","W",-4,26,32,"Isobutyrate",0.62,"-4"
"2_32",2,"IJ90","Baseline","W","W",-4,26,32,"Butyrate",12.97,"-4"
"2_32",2,"IJ90","Baseline","W","W",-4,26,32,"Isovalerate",0.34,"-4"
"2_32",2,"IJ90","Baseline","W","W",-4,26,32,"Valerate",0.82,"-4"
"2_13",2,"IJ90","Baseline","F","F",-2,27,13,"Acetate",23.38,"-2"
"2_13",2,"IJ90","Baseline","F","F",-2,27,13,"Propionate",10,"-2"
"2_13",2,"IJ90","Baseline","F","F",-2,27,13,"Isobutyrate",1.58,"-2"
"2_13",2,"IJ90","Baseline","F","F",-2,27,13,"Butyrate",7.59,"-2"
"2_13",2,"IJ90","Baseline","F","F",-2,27,13,"Isovalerate",2.37,"-2"
"2_13",2,"IJ90","Baseline","F","F",-2,27,13,"Valerate",0.92,"-2"
"2_80",2,"IJ90","Chewing","M","M",1,28,80,"Acetate",59.13,"1"
"2_80",2,"IJ90","Chewing","M","M",1,28,80,"Propionate",10.46,"1"
"2_80",2,"IJ90","Chewing","M","M",1,28,80,"Isobutyrate",0.9,"1"
"2_80",2,"IJ90","Chewing","M","M",1,28,80,"Butyrate",7.31,"1"
"2_80",2,"IJ90","Chewing","M","M",1,28,80,"Isovalerate",0.58,"1"
"2_80",2,"IJ90","Chewing","M","M",1,28,80,"Valerate",0.84,"1"
"2_72",2,"IJ90","Chewing","W","W",3,29,72,"Acetate",66.11,"3"
"2_72",2,"IJ90","Chewing","W","W",3,29,72,"Propionate",13.1,"3"
"2_72",2,"IJ90","Chewing","W","W",3,29,72,"Isobutyrate",0.93,"3"
"2_72",2,"IJ90","Chewing","W","W",3,29,72,"Butyrate",12.17,"3"
"2_72",2,"IJ90","Chewing","W","W",3,29,72,"Isovalerate",1.03,"3"
"2_72",2,"IJ90","Chewing","W","W",3,29,72,"Valerate",0.88,"3"
"2_51",2,"IJ90","Chewing","F","F",5,30,51,"Acetate",25.97,"5"
"2_51",2,"IJ90","Chewing","F","F",5,30,51,"Propionate",8.9,"5"
"2_51",2,"IJ90","Chewing","F","F",5,30,51,"Isobutyrate",1.41,"5"
"2_51",2,"IJ90","Chewing","F","F",5,30,51,"Butyrate",4.46,"5"
"2_51",2,"IJ90","Chewing","F","F",5,30,51,"Isovalerate",2.11,"5"
"2_51",2,"IJ90","Chewing","F","F",5,30,51,"Valerate",0.86,"5"
"2_52",2,"CZ70","Baseline","M","M",-6,31,52,"Acetate",79.61,"-6"
"2_52",2,"CZ70","Baseline","M","M",-6,31,52,"Propionate",14.06,"-6"
"2_52",2,"CZ70","Baseline","M","M",-6,31,52,"Isobutyrate",1.63,"-6"
"2_52",2,"CZ70","Baseline","M","M",-6,31,52,"Butyrate",34.72,"-6"
"2_52",2,"CZ70","Baseline","M","M",-6,31,52,"Isovalerate",1.74,"-6"
"2_52",2,"CZ70","Baseline","M","M",-6,31,52,"Valerate",2.35,"-6"
"2_12",2,"CZ70","Baseline","W","W",-4,32,12,"Acetate",46.96,"-4"
"2_12",2,"CZ70","Baseline","W","W",-4,32,12,"Propionate",10.37,"-4"
"2_12",2,"CZ70","Baseline","W","W",-4,32,12,"Isobutyrate",2.32,"-4"
"2_12",2,"CZ70","Baseline","W","W",-4,32,12,"Butyrate",18.71,"-4"
"2_12",2,"CZ70","Baseline","W","W",-4,32,12,"Isovalerate",2.82,"-4"
"2_12",2,"CZ70","Baseline","W","W",-4,32,12,"Valerate",2.8,"-4"
"2_75",2,"CZ70","Baseline","F","F",-2,33,75,"Acetate",83.91,"-2"
"2_75",2,"CZ70","Baseline","F","F",-2,33,75,"Propionate",13.85,"-2"
"2_75",2,"CZ70","Baseline","F","F",-2,33,75,"Isobutyrate",0.81,"-2"
"2_75",2,"CZ70","Baseline","F","F",-2,33,75,"Butyrate",28.92,"-2"
"2_75",2,"CZ70","Baseline","F","F",-2,33,75,"Isovalerate",0.88,"-2"
"2_75",2,"CZ70","Baseline","F","F",-2,33,75,"Valerate",1.96,"-2"
"2_78",2,"CZ70","Chewing","M","M",1,34,78,"Acetate",78.21,"1"
"2_78",2,"CZ70","Chewing","M","M",1,34,78,"Propionate",8.27,"1"
"2_78",2,"CZ70","Chewing","M","M",1,34,78,"Isobutyrate",0.68,"1"
"2_78",2,"CZ70","Chewing","M","M",1,34,78,"Butyrate",20.48,"1"
"2_78",2,"CZ70","Chewing","M","M",1,34,78,"Isovalerate",0.47,"1"
"2_78",2,"CZ70","Chewing","M","M",1,34,78,"Valerate",1.28,"1"
"2_1",2,"CZ70","Chewing","W","W",3,35,1,"Acetate",85.27,"3"
"2_1",2,"CZ70","Chewing","W","W",3,35,1,"Propionate",8.17,"3"
"2_1",2,"CZ70","Chewing","W","W",3,35,1,"Isobutyrate",0.66,"3"
"2_1",2,"CZ70","Chewing","W","W",3,35,1,"Butyrate",25.1,"3"
"2_1",2,"CZ70","Chewing","W","W",3,35,1,"Isovalerate",0.44,"3"
"2_1",2,"CZ70","Chewing","W","W",3,35,1,"Valerate",1.28,"3"
"2_82",2,"CZ70","Chewing","F","F",5,36,82,"Acetate",67.04,"5"
"2_82",2,"CZ70","Chewing","F","F",5,36,82,"Propionate",8.48,"5"
"2_82",2,"CZ70","Chewing","F","F",5,36,82,"Isobutyrate",0.7,"5"
"2_82",2,"CZ70","Chewing","F","F",5,36,82,"Butyrate",26,"5"
"2_82",2,"CZ70","Chewing","F","F",5,36,82,"Isovalerate",0.95,"5"
"2_82",2,"CZ70","Chewing","F","F",5,36,82,"Valerate",1.22,"5"
"2_70",2,"RG86","Baseline","M","M",-6,37,70,"Acetate",64.67,"-6"
"2_70",2,"RG86","Baseline","M","M",-6,37,70,"Propionate",18.74,"-6"
"2_70",2,"RG86","Baseline","M","M",-6,37,70,"Isobutyrate",2.1,"-6"
"2_70",2,"RG86","Baseline","M","M",-6,37,70,"Butyrate",16.9,"-6"
"2_70",2,"RG86","Baseline","M","M",-6,37,70,"Isovalerate",2.88,"-6"
"2_70",2,"RG86","Baseline","M","M",-6,37,70,"Valerate",2.59,"-6"
"2_62",2,"RG86","Baseline","W","W",-4,38,62,"Acetate",59.31,"-4"
"2_62",2,"RG86","Baseline","W","W",-4,38,62,"Propionate",9.46,"-4"
"2_62",2,"RG86","Baseline","W","W",-4,38,62,"Isobutyrate",0.91,"-4"
"2_62",2,"RG86","Baseline","W","W",-4,38,62,"Butyrate",11.77,"-4"
"2_62",2,"RG86","Baseline","W","W",-4,38,62,"Isovalerate",0.87,"-4"
"2_62",2,"RG86","Baseline","W","W",-4,38,62,"Valerate",1.26,"-4"
"2_54",2,"RG86","Baseline","F","F",-2,39,54,"Acetate",40.32,"-2"
"2_54",2,"RG86","Baseline","F","F",-2,39,54,"Propionate",9.91,"-2"
"2_54",2,"RG86","Baseline","F","F",-2,39,54,"Isobutyrate",2.14,"-2"
"2_54",2,"RG86","Baseline","F","F",-2,39,54,"Butyrate",7.75,"-2"
"2_54",2,"RG86","Baseline","F","F",-2,39,54,"Isovalerate",2.44,"-2"
"2_54",2,"RG86","Baseline","F","F",-2,39,54,"Valerate",1.96,"-2"
"2_43",2,"RG86","Chewing","M","T",2,40,43,"Acetate",42.68,"1"
"2_43",2,"RG86","Chewing","M","T",2,40,43,"Propionate",11.16,"1"
"2_43",2,"RG86","Chewing","M","T",2,40,43,"Isobutyrate",2.44,"1"
"2_43",2,"RG86","Chewing","M","T",2,40,43,"Butyrate",12.96,"1"
"2_43",2,"RG86","Chewing","M","T",2,40,43,"Isovalerate",3.41,"1"
"2_43",2,"RG86","Chewing","M","T",2,40,43,"Valerate",2.17,"1"
"2_33",2,"RG86","Chewing","W","W",3,41,33,"Acetate",36.62,"3"
"2_33",2,"RG86","Chewing","W","W",3,41,33,"Propionate",9.85,"3"
"2_33",2,"RG86","Chewing","W","W",3,41,33,"Isobutyrate",2.27,"3"
"2_33",2,"RG86","Chewing","W","W",3,41,33,"Butyrate",11.82,"3"
"2_33",2,"RG86","Chewing","W","W",3,41,33,"Isovalerate",2.55,"3"
"2_33",2,"RG86","Chewing","W","W",3,41,33,"Valerate",2.15,"3"
"2_77",2,"RG86","Chewing","F","M",8,42,77,"Acetate",67.85,"5"
"2_77",2,"RG86","Chewing","F","M",8,42,77,"Propionate",9.5,"5"
"2_77",2,"RG86","Chewing","F","M",8,42,77,"Isobutyrate",1.41,"5"
"2_77",2,"RG86","Chewing","F","M",8,42,77,"Butyrate",7.05,"5"
"2_77",2,"RG86","Chewing","F","M",8,42,77,"Isovalerate",1.23,"5"
"2_77",2,"RG86","Chewing","F","M",8,42,77,"Valerate",1.59,"5"
"2_11",2,"HI98","Baseline","M","M",-6,43,11,"Acetate",52.18,"-6"
"2_11",2,"HI98","Baseline","M","M",-6,43,11,"Propionate",7.95,"-6"
"2_11",2,"HI98","Baseline","M","M",-6,43,11,"Isobutyrate",0.81,"-6"
"2_11",2,"HI98","Baseline","M","M",-6,43,11,"Butyrate",12.27,"-6"
"2_11",2,"HI98","Baseline","M","M",-6,43,11,"Isovalerate",0.91,"-6"
"2_11",2,"HI98","Baseline","M","M",-6,43,11,"Valerate",1.46,"-6"
"2_30",2,"HI98","Baseline","W","W",-4,44,30,"Acetate",65.75,"-4"
"2_30",2,"HI98","Baseline","W","W",-4,44,30,"Propionate",11.02,"-4"
"2_30",2,"HI98","Baseline","W","W",-4,44,30,"Isobutyrate",0.96,"-4"
"2_30",2,"HI98","Baseline","W","W",-4,44,30,"Butyrate",15.43,"-4"
"2_30",2,"HI98","Baseline","W","W",-4,44,30,"Isovalerate",0.81,"-4"
"2_30",2,"HI98","Baseline","W","W",-4,44,30,"Valerate",1.72,"-4"
"2_7",2,"HI98","Baseline","F","F",-2,45,7,"Acetate",44.49,"-2"
"2_7",2,"HI98","Baseline","F","F",-2,45,7,"Propionate",9.11,"-2"
"2_7",2,"HI98","Baseline","F","F",-2,45,7,"Isobutyrate",1.35,"-2"
"2_7",2,"HI98","Baseline","F","F",-2,45,7,"Butyrate",14.19,"-2"
"2_7",2,"HI98","Baseline","F","F",-2,45,7,"Isovalerate",1.91,"-2"
"2_7",2,"HI98","Baseline","F","F",-2,45,7,"Valerate",2.03,"-2"
"2_35",2,"HI98","Chewing","W","W",3,47,35,"Acetate",55.11,"3"
"2_35",2,"HI98","Chewing","W","W",3,47,35,"Propionate",9.58,"3"
"2_35",2,"HI98","Chewing","W","W",3,47,35,"Isobutyrate",1.06,"3"
"2_35",2,"HI98","Chewing","W","W",3,47,35,"Butyrate",15.3,"3"
"2_35",2,"HI98","Chewing","W","W",3,47,35,"Isovalerate",1.11,"3"
"2_35",2,"HI98","Chewing","W","W",3,47,35,"Valerate",1.77,"3"
"2_48",2,"HI98","Chewing","F","F",5,48,48,"Acetate",57.43,"5"
"2_48",2,"HI98","Chewing","F","F",5,48,48,"Propionate",12.81,"5"
"2_48",2,"HI98","Chewing","F","F",5,48,48,"Isobutyrate",1.33,"5"
"2_48",2,"HI98","Chewing","F","F",5,48,48,"Butyrate",13.56,"5"
"2_48",2,"HI98","Chewing","F","F",5,48,48,"Isovalerate",1.42,"5"
"2_48",2,"HI98","Chewing","F","F",5,48,48,"Valerate",1.94,"5"
"2_26",2,"SH66","Baseline","M","M",-6,49,26,"Acetate",14.15,"-6"
"2_26",2,"SH66","Baseline","M","M",-6,49,26,"Propionate",3.6,"-6"
"2_26",2,"SH66","Baseline","M","M",-6,49,26,"Isobutyrate",1.19,"-6"
"2_26",2,"SH66","Baseline","M","M",-6,49,26,"Butyrate",2.43,"-6"
"2_26",2,"SH66","Baseline","M","M",-6,49,26,"Isovalerate",1.61,"-6"
"2_26",2,"SH66","Baseline","M","M",-6,49,26,"Valerate",1.29,"-6"
"2_36",2,"SH66","Baseline","W","W",-4,50,36,"Acetate",25.69,"-4"
"2_36",2,"SH66","Baseline","W","W",-4,50,36,"Propionate",5.41,"-4"
"2_36",2,"SH66","Baseline","W","W",-4,50,36,"Isobutyrate",2.15,"-4"
"2_36",2,"SH66","Baseline","W","W",-4,50,36,"Butyrate",3.29,"-4"
"2_36",2,"SH66","Baseline","W","W",-4,50,36,"Isovalerate",2.72,"-4"
"2_36",2,"SH66","Baseline","W","W",-4,50,36,"Valerate",1.97,"-4"
"2_73",2,"SH66","Baseline","F","Sa",-1,51,73,"Acetate",25.22,"-2"
"2_73",2,"SH66","Baseline","F","Sa",-1,51,73,"Propionate",6.16,"-2"
"2_73",2,"SH66","Baseline","F","Sa",-1,51,73,"Isobutyrate",1.66,"-2"
"2_73",2,"SH66","Baseline","F","Sa",-1,51,73,"Butyrate",6.55,"-2"
"2_73",2,"SH66","Baseline","F","Sa",-1,51,73,"Isovalerate",1.79,"-2"
"2_73",2,"SH66","Baseline","F","Sa",-1,51,73,"Valerate",1.79,"-2"
"2_21",2,"SH66","Chewing","M","M",1,52,21,"Acetate",15.1,"1"
"2_21",2,"SH66","Chewing","M","M",1,52,21,"Propionate",2.78,"1"
"2_21",2,"SH66","Chewing","M","M",1,52,21,"Isobutyrate",1.5,"1"
"2_21",2,"SH66","Chewing","M","M",1,52,21,"Butyrate",2.49,"1"
"2_21",2,"SH66","Chewing","M","M",1,52,21,"Isovalerate",2.42,"1"
"2_21",2,"SH66","Chewing","M","M",1,52,21,"Valerate",1.37,"1"
"2_20",2,"SH66","Chewing","W","R",4,53,20,"Acetate",17.84,"3"
"2_20",2,"SH66","Chewing","W","R",4,53,20,"Propionate",3.39,"3"
"2_20",2,"SH66","Chewing","W","R",4,53,20,"Isobutyrate",1.74,"3"
"2_20",2,"SH66","Chewing","W","R",4,53,20,"Butyrate",3.13,"3"
"2_20",2,"SH66","Chewing","W","R",4,53,20,"Isovalerate",2.17,"3"
"2_20",2,"SH66","Chewing","W","R",4,53,20,"Valerate",1.57,"3"
"2_25",2,"SH66","Chewing","F","Su",7,54,25,"Acetate",14.97,"5"
"2_25",2,"SH66","Chewing","F","Su",7,54,25,"Propionate",2.79,"5"
"2_25",2,"SH66","Chewing","F","Su",7,54,25,"Isobutyrate",1.23,"5"
"2_25",2,"SH66","Chewing","F","Su",7,54,25,"Butyrate",2.46,"5"
"2_25",2,"SH66","Chewing","F","Su",7,54,25,"Isovalerate",1.71,"5"
"2_25",2,"SH66","Chewing","F","Su",7,54,25,"Valerate",1.24,"5"
"2_50",2,"GW68","Baseline","M","T",-5,55,50,"Acetate",25.68,"-6"
"2_50",2,"GW68","Baseline","M","T",-5,55,50,"Propionate",8.11,"-6"
"2_50",2,"GW68","Baseline","M","T",-5,55,50,"Isobutyrate",2.21,"-6"
"2_50",2,"GW68","Baseline","M","T",-5,55,50,"Butyrate",7.75,"-6"
"2_50",2,"GW68","Baseline","M","T",-5,55,50,"Isovalerate",2.71,"-6"
"2_50",2,"GW68","Baseline","M","T",-5,55,50,"Valerate",2.16,"-6"
"2_42",2,"GW68","Baseline","W","W",-4,56,42,"Acetate",34.75,"-4"
"2_42",2,"GW68","Baseline","W","W",-4,56,42,"Propionate",10.15,"-4"
"2_42",2,"GW68","Baseline","W","W",-4,56,42,"Isobutyrate",2.59,"-4"
"2_42",2,"GW68","Baseline","W","W",-4,56,42,"Butyrate",10.71,"-4"
"2_42",2,"GW68","Baseline","W","W",-4,56,42,"Isovalerate",3.21,"-4"
"2_42",2,"GW68","Baseline","W","W",-4,56,42,"Valerate",2.44,"-4"
"2_83",2,"GW68","Baseline","F","F",-2,57,83,"Acetate",25.8,"-2"
"2_83",2,"GW68","Baseline","F","F",-2,57,83,"Propionate",6.76,"-2"
"2_83",2,"GW68","Baseline","F","F",-2,57,83,"Isobutyrate",2.3,"-2"
"2_83",2,"GW68","Baseline","F","F",-2,57,83,"Butyrate",7.57,"-2"
"2_83",2,"GW68","Baseline","F","F",-2,57,83,"Isovalerate",2.95,"-2"
"2_83",2,"GW68","Baseline","F","F",-2,57,83,"Valerate",2.27,"-2"
"2_4",2,"GW68","Chewing","M","T",2,58,4,"Acetate",17.92,"1"
"2_4",2,"GW68","Chewing","M","T",2,58,4,"Propionate",5.58,"1"
"2_4",2,"GW68","Chewing","M","T",2,58,4,"Isobutyrate",1.71,"1"
"2_4",2,"GW68","Chewing","M","T",2,58,4,"Butyrate",6.16,"1"
"2_4",2,"GW68","Chewing","M","T",2,58,4,"Isovalerate",1.95,"1"
"2_4",2,"GW68","Chewing","M","T",2,58,4,"Valerate",1.78,"1"
"2_59",2,"GW68","Chewing","W","W",3,59,59,"Acetate",24.64,"3"
"2_59",2,"GW68","Chewing","W","W",3,59,59,"Propionate",6.68,"3"
"2_59",2,"GW68","Chewing","W","W",3,59,59,"Isobutyrate",2.33,"3"
"2_59",2,"GW68","Chewing","W","W",3,59,59,"Butyrate",7.56,"3"
"2_59",2,"GW68","Chewing","W","W",3,59,59,"Isovalerate",2.82,"3"
"2_59",2,"GW68","Chewing","W","W",3,59,59,"Valerate",2.18,"3"
"2_76",2,"US29","Baseline","M","M",-6,61,76,"Acetate",28.9,"-6"
"2_76",2,"US29","Baseline","M","M",-6,61,76,"Propionate",13.14,"-6"
"2_76",2,"US29","Baseline","M","M",-6,61,76,"Isobutyrate",1.77,"-6"
"2_76",2,"US29","Baseline","M","M",-6,61,76,"Butyrate",7.34,"-6"
"2_76",2,"US29","Baseline","M","M",-6,61,76,"Isovalerate",1.88,"-6"
"2_76",2,"US29","Baseline","M","M",-6,61,76,"Valerate",1.81,"-6"
"2_37",2,"US29","Baseline","W","W",-4,62,37,"Acetate",44.52,"-4"
"2_37",2,"US29","Baseline","W","W",-4,62,37,"Propionate",23.63,"-4"
"2_37",2,"US29","Baseline","W","W",-4,62,37,"Isobutyrate",2.45,"-4"
"2_37",2,"US29","Baseline","W","W",-4,62,37,"Butyrate",11.51,"-4"
"2_37",2,"US29","Baseline","W","W",-4,62,37,"Isovalerate",3.14,"-4"
"2_37",2,"US29","Baseline","W","W",-4,62,37,"Valerate",2.38,"-4"
"2_3",2,"US29","Baseline","F","F",-2,63,3,"Acetate",25.41,"-2"
"2_3",2,"US29","Baseline","F","F",-2,63,3,"Propionate",9.95,"-2"
"2_3",2,"US29","Baseline","F","F",-2,63,3,"Isobutyrate",1.6,"-2"
"2_3",2,"US29","Baseline","F","F",-2,63,3,"Butyrate",5.85,"-2"
"2_3",2,"US29","Baseline","F","F",-2,63,3,"Isovalerate",1.58,"-2"
"2_3",2,"US29","Baseline","F","F",-2,63,3,"Valerate",1.54,"-2"
"2_34",2,"US29","Chewing","M","M",1,64,34,"Acetate",37.31,"1"
"2_34",2,"US29","Chewing","M","M",1,64,34,"Propionate",13.51,"1"
"2_34",2,"US29","Chewing","M","M",1,64,34,"Isobutyrate",2.36,"1"
"2_34",2,"US29","Chewing","M","M",1,64,34,"Butyrate",9.58,"1"
"2_34",2,"US29","Chewing","M","M",1,64,34,"Isovalerate",2.59,"1"
"2_34",2,"US29","Chewing","M","M",1,64,34,"Valerate",2.31,"1"
"2_38",2,"US29","Chewing","W","W",3,65,38,"Acetate",64.78,"3"
"2_38",2,"US29","Chewing","W","W",3,65,38,"Propionate",6.8,"3"
"2_38",2,"US29","Chewing","W","W",3,65,38,"Isobutyrate",0.77,"3"
"2_38",2,"US29","Chewing","W","W",3,65,38,"Butyrate",16.32,"3"
"2_38",2,"US29","Chewing","W","W",3,65,38,"Isovalerate",0.61,"3"
"2_38",2,"US29","Chewing","W","W",3,65,38,"Valerate",1.08,"3"
"2_40",2,"US29","Chewing","F","F",5,66,40,"Acetate",31.96,"5"
"2_40",2,"US29","Chewing","F","F",5,66,40,"Propionate",11.69,"5"
"2_40",2,"US29","Chewing","F","F",5,66,40,"Isobutyrate",1.71,"5"
"2_40",2,"US29","Chewing","F","F",5,66,40,"Butyrate",8.72,"5"
"2_40",2,"US29","Chewing","F","F",5,66,40,"Isovalerate",2.25,"5"
"2_40",2,"US29","Chewing","F","F",5,66,40,"Valerate",2.2,"5"
"2_17",2,"VI62","Baseline","W","W",-4,67,17,"Acetate",35.58,"-4"
"2_17",2,"VI62","Baseline","W","W",-4,67,17,"Propionate",13.41,"-4"
"2_17",2,"VI62","Baseline","W","W",-4,67,17,"Isobutyrate",2.05,"-4"
"2_17",2,"VI62","Baseline","W","W",-4,67,17,"Butyrate",12.97,"-4"
"2_17",2,"VI62","Baseline","W","W",-4,67,17,"Isovalerate",2.81,"-4"
"2_17",2,"VI62","Baseline","W","W",-4,67,17,"Valerate",2.67,"-4"
"2_64",2,"VI62","Baseline","F","F",-2,68,64,"Acetate",38.66,"-2"
"2_64",2,"VI62","Baseline","F","F",-2,68,64,"Propionate",12.52,"-2"
"2_64",2,"VI62","Baseline","F","F",-2,68,64,"Isobutyrate",2.58,"-2"
"2_64",2,"VI62","Baseline","F","F",-2,68,64,"Butyrate",13.29,"-2"
"2_64",2,"VI62","Baseline","F","F",-2,68,64,"Isovalerate",3.92,"-2"
"2_64",2,"VI62","Baseline","F","F",-2,68,64,"Valerate",2.55,"-2"
"2_15",2,"VI62","Chewing","M","M",1,69,15,"Acetate",19.05,"1"
"2_15",2,"VI62","Chewing","M","M",1,69,15,"Propionate",4.57,"1"
"2_15",2,"VI62","Chewing","M","M",1,69,15,"Isobutyrate",1.2,"1"
"2_15",2,"VI62","Chewing","M","M",1,69,15,"Butyrate",3.58,"1"
"2_15",2,"VI62","Chewing","M","M",1,69,15,"Isovalerate",1.57,"1"
"2_15",2,"VI62","Chewing","M","M",1,69,15,"Valerate",1.33,"1"
"2_63",2,"VI62","Chewing","W","W",3,70,63,"Acetate",31.1,"3"
"2_63",2,"VI62","Chewing","W","W",3,70,63,"Propionate",11.89,"3"
"2_63",2,"VI62","Chewing","W","W",3,70,63,"Isobutyrate",2.2,"3"
"2_63",2,"VI62","Chewing","W","W",3,70,63,"Butyrate",9.48,"3"
"2_63",2,"VI62","Chewing","W","W",3,70,63,"Isovalerate",2.79,"3"
"2_63",2,"VI62","Chewing","W","W",3,70,63,"Valerate",2.31,"3"
"2_39",2,"VI62","Chewing","F","F",5,71,39,"Acetate",22,"5"
"2_39",2,"VI62","Chewing","F","F",5,71,39,"Propionate",9.31,"5"
"2_39",2,"VI62","Chewing","F","F",5,71,39,"Isobutyrate",1.95,"5"
"2_39",2,"VI62","Chewing","F","F",5,71,39,"Butyrate",6.19,"5"
"2_39",2,"VI62","Chewing","F","F",5,71,39,"Isovalerate",2.26,"5"
"2_39",2,"VI62","Chewing","F","F",5,71,39,"Valerate",1.72,"5"
"2_24",2,"IZ76","Baseline","M","M",-6,72,24,"Acetate",76.63,"-6"
"2_24",2,"IZ76","Baseline","M","M",-6,72,24,"Propionate",17.82,"-6"
"2_24",2,"IZ76","Baseline","M","M",-6,72,24,"Isobutyrate",2.12,"-6"
"2_24",2,"IZ76","Baseline","M","M",-6,72,24,"Butyrate",12.31,"-6"
"2_24",2,"IZ76","Baseline","M","M",-6,72,24,"Isovalerate",2.47,"-6"
"2_24",2,"IZ76","Baseline","M","M",-6,72,24,"Valerate",2.75,"-6"
"2_19",2,"IZ76","Baseline","W","W",-4,73,19,"Acetate",61.16,"-4"
"2_19",2,"IZ76","Baseline","W","W",-4,73,19,"Propionate",13.27,"-4"
"2_19",2,"IZ76","Baseline","W","W",-4,73,19,"Isobutyrate",0.84,"-4"
"2_19",2,"IZ76","Baseline","W","W",-4,73,19,"Butyrate",11.69,"-4"
"2_19",2,"IZ76","Baseline","W","W",-4,73,19,"Isovalerate",0.76,"-4"
"2_19",2,"IZ76","Baseline","W","W",-4,73,19,"Valerate",1.5,"-4"
"2_18",2,"IZ76","Baseline","F","F",-2,74,18,"Acetate",60.12,"-2"
"2_18",2,"IZ76","Baseline","F","F",-2,74,18,"Propionate",29.26,"-2"
"2_18",2,"IZ76","Baseline","F","F",-2,74,18,"Isobutyrate",2,"-2"
"2_18",2,"IZ76","Baseline","F","F",-2,74,18,"Butyrate",14.89,"-2"
"2_18",2,"IZ76","Baseline","F","F",-2,74,18,"Isovalerate",2.77,"-2"
"2_18",2,"IZ76","Baseline","F","F",-2,74,18,"Valerate",3.15,"-2"
"2_45",2,"IZ76","Chewing","M","M",1,75,45,"Acetate",35.1,"1"
"2_45",2,"IZ76","Chewing","M","M",1,75,45,"Propionate",13.1,"1"
"2_45",2,"IZ76","Chewing","M","M",1,75,45,"Isobutyrate",2.78,"1"
"2_45",2,"IZ76","Chewing","M","M",1,75,45,"Butyrate",9.03,"1"
"2_45",2,"IZ76","Chewing","M","M",1,75,45,"Isovalerate",3.88,"1"
"2_45",2,"IZ76","Chewing","M","M",1,75,45,"Valerate",2.29,"1"
"2_6",2,"IZ76","Chewing","W","W",3,76,6,"Acetate",53.48,"3"
"2_6",2,"IZ76","Chewing","W","W",3,76,6,"Propionate",17.34,"3"
"2_6",2,"IZ76","Chewing","W","W",3,76,6,"Isobutyrate",4.45,"3"
"2_6",2,"IZ76","Chewing","W","W",3,76,6,"Butyrate",16.07,"3"
"2_6",2,"IZ76","Chewing","W","W",3,76,6,"Isovalerate",6.37,"3"
"2_6",2,"IZ76","Chewing","W","W",3,76,6,"Valerate",3.83,"3"
"2_81",2,"IZ76","Chewing","F","Sa",6,77,81,"Acetate",68.78,"5"
"2_81",2,"IZ76","Chewing","F","Sa",6,77,81,"Propionate",18.2,"5"
"2_81",2,"IZ76","Chewing","F","Sa",6,77,81,"Isobutyrate",2.7,"5"
"2_81",2,"IZ76","Chewing","F","Sa",6,77,81,"Butyrate",14.14,"5"
"2_81",2,"IZ76","Chewing","F","Sa",6,77,81,"Isovalerate",3.04,"5"
"2_81",2,"IZ76","Chewing","F","Sa",6,77,81,"Valerate",2.57,"5"
"2_23",2,"EF45","Baseline","M","M",-6,78,23,"Acetate",58.57,"-6"
"2_23",2,"EF45","Baseline","M","M",-6,78,23,"Propionate",16.52,"-6"
"2_23",2,"EF45","Baseline","M","M",-6,78,23,"Isobutyrate",2.67,"-6"
"2_23",2,"EF45","Baseline","M","M",-6,78,23,"Butyrate",22.37,"-6"
"2_23",2,"EF45","Baseline","M","M",-6,78,23,"Isovalerate",3.56,"-6"
"2_23",2,"EF45","Baseline","M","M",-6,78,23,"Valerate",3.62,"-6"
"2_47",2,"EF45","Baseline","W","W",-4,79,47,"Acetate",73.31,"-4"
"2_47",2,"EF45","Baseline","W","W",-4,79,47,"Propionate",16.94,"-4"
"2_47",2,"EF45","Baseline","W","W",-4,79,47,"Isobutyrate",2.39,"-4"
"2_47",2,"EF45","Baseline","W","W",-4,79,47,"Butyrate",19.47,"-4"
"2_47",2,"EF45","Baseline","W","W",-4,79,47,"Isovalerate",2.8,"-4"
"2_47",2,"EF45","Baseline","W","W",-4,79,47,"Valerate",3.51,"-4"
"2_27",2,"EF45","Baseline","F","F",-2,80,27,"Acetate",69.85,"-2"
"2_27",2,"EF45","Baseline","F","F",-2,80,27,"Propionate",14.07,"-2"
"2_27",2,"EF45","Baseline","F","F",-2,80,27,"Isobutyrate",2.91,"-2"
"2_27",2,"EF45","Baseline","F","F",-2,80,27,"Butyrate",10.24,"-2"
"2_27",2,"EF45","Baseline","F","F",-2,80,27,"Isovalerate",3.77,"-2"
"2_27",2,"EF45","Baseline","F","F",-2,80,27,"Valerate",3.37,"-2"
"2_68",2,"EF45","Chewing","M","M",1,81,68,"Acetate",55.72,"1"
"2_68",2,"EF45","Chewing","M","M",1,81,68,"Propionate",11.61,"1"
"2_68",2,"EF45","Chewing","M","M",1,81,68,"Isobutyrate",1.88,"1"
"2_68",2,"EF45","Chewing","M","M",1,81,68,"Butyrate",12.15,"1"
"2_68",2,"EF45","Chewing","M","M",1,81,68,"Isovalerate",2.46,"1"
"2_68",2,"EF45","Chewing","M","M",1,81,68,"Valerate",2.85,"1"
"2_28",2,"EF45","Chewing","W","W",3,82,28,"Acetate",75.94,"3"
"2_28",2,"EF45","Chewing","W","W",3,82,28,"Propionate",21.22,"3"
"2_28",2,"EF45","Chewing","W","W",3,82,28,"Isobutyrate",5.11,"3"
"2_28",2,"EF45","Chewing","W","W",3,82,28,"Butyrate",25.31,"3"
"2_28",2,"EF45","Chewing","W","W",3,82,28,"Isovalerate",6.95,"3"
"2_28",2,"EF45","Chewing","W","W",3,82,28,"Valerate",5.1,"3"
"2_79",2,"EF45","Chewing","F","F",5,83,79,"Acetate",68.04,"5"
"2_79",2,"EF45","Chewing","F","F",5,83,79,"Propionate",18.36,"5"
"2_79",2,"EF45","Chewing","F","F",5,83,79,"Isobutyrate",1.1,"5"
"2_79",2,"EF45","Chewing","F","F",5,83,79,"Butyrate",13.68,"5"
"2_79",2,"EF45","Chewing","F","F",5,83,79,"Isovalerate",0.83,"5"
"2_79",2,"EF45","Chewing","F","F",5,83,79,"Valerate",2.58,"5"
"3_53",3,"VQ50","Baseline","M","M",-6,1,53,"Acetate",25.66,"-6"
"3_53",3,"VQ50","Baseline","M","M",-6,1,53,"Propionate",5.15,"-6"
"3_53",3,"VQ50","Baseline","M","M",-6,1,53,"Isobutyrate",1.75,"-6"
"3_53",3,"VQ50","Baseline","M","M",-6,1,53,"Butyrate",9.08,"-6"
"3_53",3,"VQ50","Baseline","M","M",-6,1,53,"Isovalerate",2.01,"-6"
"3_53",3,"VQ50","Baseline","M","M",-6,1,53,"Valerate",1.63,"-6"
"3_43",3,"VQ50","Baseline","W","W",-4,2,43,"Acetate",24.08,"-4"
"3_43",3,"VQ50","Baseline","W","W",-4,2,43,"Propionate",5.7,"-4"
"3_43",3,"VQ50","Baseline","W","W",-4,2,43,"Isobutyrate",1.8,"-4"
"3_43",3,"VQ50","Baseline","W","W",-4,2,43,"Butyrate",8.25,"-4"
"3_43",3,"VQ50","Baseline","W","W",-4,2,43,"Isovalerate",2.13,"-4"
"3_43",3,"VQ50","Baseline","W","W",-4,2,43,"Valerate",1.68,"-4"
"3_32",3,"VQ50","Baseline","F","F",-2,3,32,"Acetate",27.21,"-2"
"3_32",3,"VQ50","Baseline","F","F",-2,3,32,"Propionate",7.01,"-2"
"3_32",3,"VQ50","Baseline","F","F",-2,3,32,"Isobutyrate",2.33,"-2"
"3_32",3,"VQ50","Baseline","F","F",-2,3,32,"Butyrate",10.56,"-2"
"3_32",3,"VQ50","Baseline","F","F",-2,3,32,"Isovalerate",2.91,"-2"
"3_32",3,"VQ50","Baseline","F","F",-2,3,32,"Valerate",2.22,"-2"
"3_45",3,"VQ50","Chewing","M","M",1,4,45,"Acetate",19.8,"1"
"3_45",3,"VQ50","Chewing","M","M",1,4,45,"Propionate",4.65,"1"
"3_45",3,"VQ50","Chewing","M","M",1,4,45,"Isobutyrate",1.64,"1"
"3_45",3,"VQ50","Chewing","M","M",1,4,45,"Butyrate",8.16,"1"
"3_45",3,"VQ50","Chewing","M","M",1,4,45,"Isovalerate",1.76,"1"
"3_45",3,"VQ50","Chewing","M","M",1,4,45,"Valerate",1.65,"1"
"3_4",3,"VQ50","Chewing","W","W",3,5,4,"Acetate",23.6,"3"
"3_4",3,"VQ50","Chewing","W","W",3,5,4,"Propionate",4.27,"3"
"3_4",3,"VQ50","Chewing","W","W",3,5,4,"Isobutyrate",1.47,"3"
"3_4",3,"VQ50","Chewing","W","W",3,5,4,"Butyrate",7.75,"3"
"3_4",3,"VQ50","Chewing","W","W",3,5,4,"Isovalerate",1.63,"3"
"3_4",3,"VQ50","Chewing","W","W",3,5,4,"Valerate",1.54,"3"
"3_2",3,"VQ50","Chewing","F","F",5,6,2,"Acetate",25.33,"5"
"3_2",3,"VQ50","Chewing","F","F",5,6,2,"Propionate",4.38,"5"
"3_2",3,"VQ50","Chewing","F","F",5,6,2,"Isobutyrate",1.59,"5"
"3_2",3,"VQ50","Chewing","F","F",5,6,2,"Butyrate",12.18,"5"
"3_2",3,"VQ50","Chewing","F","F",5,6,2,"Isovalerate",1.63,"5"
"3_2",3,"VQ50","Chewing","F","F",5,6,2,"Valerate",1.65,"5"
"3_44",3,"TJ95","Baseline","M","M",-6,7,44,"Acetate",22.59,"-6"
"3_44",3,"TJ95","Baseline","M","M",-6,7,44,"Propionate",11.03,"-6"
"3_44",3,"TJ95","Baseline","M","M",-6,7,44,"Isobutyrate",2.62,"-6"
"3_44",3,"TJ95","Baseline","M","M",-6,7,44,"Butyrate",12.09,"-6"
"3_44",3,"TJ95","Baseline","M","M",-6,7,44,"Isovalerate",3.2,"-6"
"3_44",3,"TJ95","Baseline","M","M",-6,7,44,"Valerate",2.78,"-6"
"3_39",3,"TJ95","Baseline","W","W",-4,8,39,"Acetate",21.42,"-4"
"3_39",3,"TJ95","Baseline","W","W",-4,8,39,"Propionate",10.37,"-4"
"3_39",3,"TJ95","Baseline","W","W",-4,8,39,"Isobutyrate",2.5,"-4"
"3_39",3,"TJ95","Baseline","W","W",-4,8,39,"Butyrate",11.28,"-4"
"3_39",3,"TJ95","Baseline","W","W",-4,8,39,"Isovalerate",2.7,"-4"
"3_39",3,"TJ95","Baseline","W","W",-4,8,39,"Valerate",2.57,"-4"
"3_5",3,"TJ95","Baseline","F","F",-2,9,5,"Acetate",21.39,"-2"
"3_5",3,"TJ95","Baseline","F","F",-2,9,5,"Propionate",8.98,"-2"
"3_5",3,"TJ95","Baseline","F","F",-2,9,5,"Isobutyrate",1.91,"-2"
"3_5",3,"TJ95","Baseline","F","F",-2,9,5,"Butyrate",10.83,"-2"
"3_5",3,"TJ95","Baseline","F","F",-2,9,5,"Isovalerate",2.04,"-2"
"3_5",3,"TJ95","Baseline","F","F",-2,9,5,"Valerate",2.15,"-2"
"3_15",3,"TJ95","Chewing","M","M",1,10,15,"Acetate",21.4,"1"
"3_15",3,"TJ95","Chewing","M","M",1,10,15,"Propionate",9.96,"1"
"3_15",3,"TJ95","Chewing","M","M",1,10,15,"Isobutyrate",2.09,"1"
"3_15",3,"TJ95","Chewing","M","M",1,10,15,"Butyrate",10.47,"1"
"3_15",3,"TJ95","Chewing","M","M",1,10,15,"Isovalerate",2.42,"1"
"3_15",3,"TJ95","Chewing","M","M",1,10,15,"Valerate",2.45,"1"
"3_3",3,"TJ95","Chewing","W","W",3,11,3,"Acetate",25.24,"3"
"3_3",3,"TJ95","Chewing","W","W",3,11,3,"Propionate",12.09,"3"
"3_3",3,"TJ95","Chewing","W","W",3,11,3,"Isobutyrate",2.98,"3"
"3_3",3,"TJ95","Chewing","W","W",3,11,3,"Butyrate",13.53,"3"
"3_3",3,"TJ95","Chewing","W","W",3,11,3,"Isovalerate",3.54,"3"
"3_3",3,"TJ95","Chewing","W","W",3,11,3,"Valerate",3.01,"3"
"3_35",3,"TJ95","Chewing","F","F",5,12,35,"Acetate",20.81,"5"
"3_35",3,"TJ95","Chewing","F","F",5,12,35,"Propionate",9.75,"5"
"3_35",3,"TJ95","Chewing","F","F",5,12,35,"Isobutyrate",2.09,"5"
"3_35",3,"TJ95","Chewing","F","F",5,12,35,"Butyrate",12.7,"5"
"3_35",3,"TJ95","Chewing","F","F",5,12,35,"Isovalerate",2.38,"5"
"3_35",3,"TJ95","Chewing","F","F",5,12,35,"Valerate",2.62,"5"
"3_8",3,"FW16","Baseline","M","M",-6,13,8,"Acetate",22.71,"-6"
"3_8",3,"FW16","Baseline","M","M",-6,13,8,"Propionate",5.67,"-6"
"3_8",3,"FW16","Baseline","M","M",-6,13,8,"Isobutyrate",2.37,"-6"
"3_8",3,"FW16","Baseline","M","M",-6,13,8,"Butyrate",5.77,"-6"
"3_8",3,"FW16","Baseline","M","M",-6,13,8,"Isovalerate",3.22,"-6"
"3_8",3,"FW16","Baseline","M","M",-6,13,8,"Valerate",2.19,"-6"
"3_38",3,"FW16","Baseline","W","W",-4,14,38,"Acetate",17.83,"-4"
"3_38",3,"FW16","Baseline","W","W",-4,14,38,"Propionate",4.79,"-4"
"3_38",3,"FW16","Baseline","W","W",-4,14,38,"Isobutyrate",1.91,"-4"
"3_38",3,"FW16","Baseline","W","W",-4,14,38,"Butyrate",4.74,"-4"
"3_38",3,"FW16","Baseline","W","W",-4,14,38,"Isovalerate",2.53,"-4"
"3_38",3,"FW16","Baseline","W","W",-4,14,38,"Valerate",1.98,"-4"
"3_28",3,"FW16","Baseline","F","F",-2,15,28,"Acetate",18.95,"-2"
"3_28",3,"FW16","Baseline","F","F",-2,15,28,"Propionate",4.66,"-2"
"3_28",3,"FW16","Baseline","F","F",-2,15,28,"Isobutyrate",1.9,"-2"
"3_28",3,"FW16","Baseline","F","F",-2,15,28,"Butyrate",4.83,"-2"
"3_28",3,"FW16","Baseline","F","F",-2,15,28,"Isovalerate",2.36,"-2"
"3_28",3,"FW16","Baseline","F","F",-2,15,28,"Valerate",2,"-2"
"3_40",3,"FW16","Chewing","M","M",1,16,40,"Acetate",29.37,"1"
"3_40",3,"FW16","Chewing","M","M",1,16,40,"Propionate",6.31,"1"
"3_40",3,"FW16","Chewing","M","M",1,16,40,"Isobutyrate",2.56,"1"
"3_40",3,"FW16","Chewing","M","M",1,16,40,"Butyrate",2.14,"1"
"3_40",3,"FW16","Chewing","M","M",1,16,40,"Isovalerate",3.4,"1"
"3_40",3,"FW16","Chewing","M","M",1,16,40,"Valerate",2.15,"1"
"3_1",3,"FW16","Chewing","W","W",3,17,1,"Acetate",22.39,"3"
"3_1",3,"FW16","Chewing","W","W",3,17,1,"Propionate",5.5,"3"
"3_1",3,"FW16","Chewing","W","W",3,17,1,"Isobutyrate",2.27,"3"
"3_1",3,"FW16","Chewing","W","W",3,17,1,"Butyrate",5.77,"3"
"3_1",3,"FW16","Chewing","W","W",3,17,1,"Isovalerate",3,"3"
"3_1",3,"FW16","Chewing","W","W",3,17,1,"Valerate",2.05,"3"
"3_25",3,"FW16","Chewing","F","F",5,18,25,"Acetate",11.84,"5"
"3_25",3,"FW16","Chewing","F","F",5,18,25,"Propionate",4.06,"5"
"3_25",3,"FW16","Chewing","F","F",5,18,25,"Isobutyrate",1.73,"5"
"3_25",3,"FW16","Chewing","F","F",5,18,25,"Butyrate",3.51,"5"
"3_25",3,"FW16","Chewing","F","F",5,18,25,"Isovalerate",2.16,"5"
"3_25",3,"FW16","Chewing","F","F",5,18,25,"Valerate",1.91,"5"
"3_41",3,"GV14","Baseline","M","M",-6,19,41,"Acetate",34.46,"-6"
"3_41",3,"GV14","Baseline","M","M",-6,19,41,"Propionate",12.63,"-6"
"3_41",3,"GV14","Baseline","M","M",-6,19,41,"Isobutyrate",1.67,"-6"
"3_41",3,"GV14","Baseline","M","M",-6,19,41,"Butyrate",13.9,"-6"
"3_41",3,"GV14","Baseline","M","M",-6,19,41,"Isovalerate",1.84,"-6"
"3_41",3,"GV14","Baseline","M","M",-6,19,41,"Valerate",2.21,"-6"
"3_12",3,"GV14","Baseline","W","W",-4,20,12,"Acetate",21.48,"-4"
"3_12",3,"GV14","Baseline","W","W",-4,20,12,"Propionate",5,"-4"
"3_12",3,"GV14","Baseline","W","W",-4,20,12,"Isobutyrate",2.8,"-4"
"3_12",3,"GV14","Baseline","W","W",-4,20,12,"Butyrate",7.26,"-4"
"3_12",3,"GV14","Baseline","W","W",-4,20,12,"Isovalerate",3.89,"-4"
"3_12",3,"GV14","Baseline","W","W",-4,20,12,"Valerate",2.8,"-4"
"3_47",3,"GV14","Chewing","M","M",1,21,47,"Acetate",16.85,"1"
"3_47",3,"GV14","Chewing","M","M",1,21,47,"Propionate",3.5,"1"
"3_47",3,"GV14","Chewing","M","M",1,21,47,"Isobutyrate",1.82,"1"
"3_47",3,"GV14","Chewing","M","M",1,21,47,"Butyrate",3.99,"1"
"3_47",3,"GV14","Chewing","M","M",1,21,47,"Isovalerate",2.35,"1"
"3_47",3,"GV14","Chewing","M","M",1,21,47,"Valerate",1.93,"1"
"3_33",3,"GV14","Chewing","W","W",3,22,33,"Acetate",14.79,"3"
"3_33",3,"GV14","Chewing","W","W",3,22,33,"Propionate",3.65,"3"
"3_33",3,"GV14","Chewing","W","W",3,22,33,"Isobutyrate",2.07,"3"
"3_33",3,"GV14","Chewing","W","W",3,22,33,"Butyrate",4.74,"3"
"3_33",3,"GV14","Chewing","W","W",3,22,33,"Isovalerate",2.75,"3"
"3_33",3,"GV14","Chewing","W","W",3,22,33,"Valerate",2.17,"3"
"3_49",3,"GV14","Chewing","F","F",5,23,49,"Acetate",12.99,"5"
"3_49",3,"GV14","Chewing","F","F",5,23,49,"Propionate",3.5,"5"
"3_49",3,"GV14","Chewing","F","F",5,23,49,"Isobutyrate",1.52,"5"
"3_49",3,"GV14","Chewing","F","F",5,23,49,"Butyrate",2.85,"5"
"3_49",3,"GV14","Chewing","F","F",5,23,49,"Isovalerate",1.74,"5"
"3_49",3,"GV14","Chewing","F","F",5,23,49,"Valerate",1.62,"5"
"3_55",3,"QY11","Baseline","M","M",-6,24,55,"Acetate",23.06,"-6"
"3_55",3,"QY11","Baseline","M","M",-6,24,55,"Propionate",4.61,"-6"
"3_55",3,"QY11","Baseline","M","M",-6,24,55,"Isobutyrate",1.89,"-6"
"3_55",3,"QY11","Baseline","M","M",-6,24,55,"Butyrate",5.91,"-6"
"3_55",3,"QY11","Baseline","M","M",-6,24,55,"Isovalerate",2.28,"-6"
"3_55",3,"QY11","Baseline","M","M",-6,24,55,"Valerate",2.3,"-6"
"3_46",3,"QY11","Baseline","W","W",-4,25,46,"Acetate",27.18,"-4"
"3_46",3,"QY11","Baseline","W","W",-4,25,46,"Propionate",7.5,"-4"
"3_46",3,"QY11","Baseline","W","W",-4,25,46,"Isobutyrate",1.82,"-4"
"3_46",3,"QY11","Baseline","W","W",-4,25,46,"Butyrate",11.72,"-4"
"3_46",3,"QY11","Baseline","W","W",-4,25,46,"Isovalerate",1.97,"-4"
"3_46",3,"QY11","Baseline","W","W",-4,25,46,"Valerate",2.52,"-4"
"3_9",3,"QY11","Baseline","F","F",-2,26,9,"Acetate",28.06,"-2"
"3_9",3,"QY11","Baseline","F","F",-2,26,9,"Propionate",6.33,"-2"
"3_9",3,"QY11","Baseline","F","F",-2,26,9,"Isobutyrate",1.57,"-2"
"3_9",3,"QY11","Baseline","F","F",-2,26,9,"Butyrate",12.11,"-2"
"3_9",3,"QY11","Baseline","F","F",-2,26,9,"Isovalerate",1.73,"-2"
"3_9",3,"QY11","Baseline","F","F",-2,26,9,"Valerate",2.09,"-2"
"3_54",3,"QY11","Chewing","M","T",2,27,54,"Acetate",31.31,"1"
"3_54",3,"QY11","Chewing","M","T",2,27,54,"Propionate",7.64,"1"
"3_54",3,"QY11","Chewing","M","T",2,27,54,"Isobutyrate",1.64,"1"
"3_54",3,"QY11","Chewing","M","T",2,27,54,"Butyrate",13.88,"1"
"3_54",3,"QY11","Chewing","M","T",2,27,54,"Isovalerate",1.75,"1"
"3_54",3,"QY11","Chewing","M","T",2,27,54,"Valerate",2.3,"1"
"3_56",3,"QY11","Chewing","W","W",3,28,56,"Acetate",12.08,"3"
"3_56",3,"QY11","Chewing","W","W",3,28,56,"Propionate",3.11,"3"
"3_56",3,"QY11","Chewing","W","W",3,28,56,"Isobutyrate",1.53,"3"
"3_56",3,"QY11","Chewing","W","W",3,28,56,"Butyrate",3.48,"3"
"3_56",3,"QY11","Chewing","W","W",3,28,56,"Isovalerate",1.78,"3"
"3_56",3,"QY11","Chewing","W","W",3,28,56,"Valerate",1.53,"3"
"3_18",3,"QY11","Chewing","F","R",4,29,18,"Acetate",24.22,"5"
"3_18",3,"QY11","Chewing","F","R",4,29,18,"Propionate",5.33,"5"
"3_18",3,"QY11","Chewing","F","R",4,29,18,"Isobutyrate",1.71,"5"
"3_18",3,"QY11","Chewing","F","R",4,29,18,"Butyrate",5.51,"5"
"3_18",3,"QY11","Chewing","F","R",4,29,18,"Isovalerate",2.04,"5"
"3_18",3,"QY11","Chewing","F","R",4,29,18,"Valerate",2.45,"5"
"3_59",3,"OQ44","Baseline","M","T",-5,30,59,"Acetate",40.07,"-6"
"3_59",3,"OQ44","Baseline","M","T",-5,30,59,"Propionate",10.82,"-6"
"3_59",3,"OQ44","Baseline","M","T",-5,30,59,"Isobutyrate",1.49,"-6"
"3_59",3,"OQ44","Baseline","M","T",-5,30,59,"Butyrate",23.84,"-6"
"3_59",3,"OQ44","Baseline","M","T",-5,30,59,"Isovalerate",1.5,"-6"
"3_59",3,"OQ44","Baseline","M","T",-5,30,59,"Valerate",2.45,"-6"
"3_51",3,"OQ44","Baseline","W","R",-3,31,51,"Acetate",40,"-4"
"3_51",3,"OQ44","Baseline","W","R",-3,31,51,"Propionate",10.79,"-4"
"3_51",3,"OQ44","Baseline","W","R",-3,31,51,"Isobutyrate",1.41,"-4"
"3_51",3,"OQ44","Baseline","W","R",-3,31,51,"Butyrate",19.67,"-4"
"3_51",3,"OQ44","Baseline","W","R",-3,31,51,"Isovalerate",1.91,"-4"
"3_51",3,"OQ44","Baseline","W","R",-3,31,51,"Valerate",2.57,"-4"
"3_48",3,"OQ44","Baseline","F","F",-2,32,48,"Acetate",26.75,"-2"
"3_48",3,"OQ44","Baseline","F","F",-2,32,48,"Propionate",11.03,"-2"
"3_48",3,"OQ44","Baseline","F","F",-2,32,48,"Isobutyrate",2.74,"-2"
"3_48",3,"OQ44","Baseline","F","F",-2,32,48,"Butyrate",9.36,"-2"
"3_48",3,"OQ44","Baseline","F","F",-2,32,48,"Isovalerate",2.39,"-2"
"3_48",3,"OQ44","Baseline","F","F",-2,32,48,"Valerate",2.09,"-2"
"3_16",3,"OQ44","Chewing","M","W",3,33,16,"Acetate",54.2,"1"
"3_16",3,"OQ44","Chewing","M","W",3,33,16,"Propionate",15.94,"1"
"3_16",3,"OQ44","Chewing","M","W",3,33,16,"Isobutyrate",2.14,"1"
"3_16",3,"OQ44","Chewing","M","W",3,33,16,"Butyrate",16.93,"1"
"3_16",3,"OQ44","Chewing","M","W",3,33,16,"Isovalerate",2.11,"1"
"3_16",3,"OQ44","Chewing","M","W",3,33,16,"Valerate",2.92,"1"
"3_13",3,"OQ44","Chewing","W","Sa",6,34,13,"Acetate",35.28,"3"
"3_13",3,"OQ44","Chewing","W","Sa",6,34,13,"Propionate",7.55,"3"
"3_13",3,"OQ44","Chewing","W","Sa",6,34,13,"Isobutyrate",1.27,"3"
"3_13",3,"OQ44","Chewing","W","Sa",6,34,13,"Butyrate",14.18,"3"
"3_13",3,"OQ44","Chewing","W","Sa",6,34,13,"Isovalerate",1.22,"3"
"3_13",3,"OQ44","Chewing","W","Sa",6,34,13,"Valerate",1.72,"3"
"3_50",3,"OQ44","Chewing","F","Su",7,35,50,"Acetate",19.34,"5"
"3_50",3,"OQ44","Chewing","F","Su",7,35,50,"Propionate",6.21,"5"
"3_50",3,"OQ44","Chewing","F","Su",7,35,50,"Isobutyrate",1.52,"5"
"3_50",3,"OQ44","Chewing","F","Su",7,35,50,"Butyrate",7.11,"5"
"3_50",3,"OQ44","Chewing","F","Su",7,35,50,"Isovalerate",1.5,"5"
"3_50",3,"OQ44","Chewing","F","Su",7,35,50,"Valerate",1.83,"5"
"3_14",3,"DI36","Baseline","M","T",-5,36,14,"Acetate",17.02,"-6"
"3_14",3,"DI36","Baseline","M","T",-5,36,14,"Propionate",5.19,"-6"
"3_14",3,"DI36","Baseline","M","T",-5,36,14,"Isobutyrate",1.66,"-6"
"3_14",3,"DI36","Baseline","M","T",-5,36,14,"Butyrate",4.28,"-6"
"3_14",3,"DI36","Baseline","M","T",-5,36,14,"Isovalerate",2.1,"-6"
"3_14",3,"DI36","Baseline","M","T",-5,36,14,"Valerate",1.69,"-6"
"3_58",3,"DI36","Baseline","W","W",-4,37,58,"Acetate",12.89,"-4"
"3_58",3,"DI36","Baseline","W","W",-4,37,58,"Propionate",4.4,"-4"
"3_58",3,"DI36","Baseline","W","W",-4,37,58,"Isobutyrate",1.71,"-4"
"3_58",3,"DI36","Baseline","W","W",-4,37,58,"Butyrate",3.91,"-4"
"3_58",3,"DI36","Baseline","W","W",-4,37,58,"Isovalerate",2.27,"-4"
"3_58",3,"DI36","Baseline","W","W",-4,37,58,"Valerate",1.75,"-4"
"3_31",3,"DI36","Baseline","F","F",-2,38,31,"Acetate",28.26,"-2"
"3_31",3,"DI36","Baseline","F","F",-2,38,31,"Propionate",9.2,"-2"
"3_31",3,"DI36","Baseline","F","F",-2,38,31,"Isobutyrate",1.5,"-2"
"3_31",3,"DI36","Baseline","F","F",-2,38,31,"Butyrate",8.58,"-2"
"3_31",3,"DI36","Baseline","F","F",-2,38,31,"Isovalerate",1.43,"-2"
"3_31",3,"DI36","Baseline","F","F",-2,38,31,"Valerate",1.87,"-2"
"3_17",3,"DI36","Chewing","M","T",2,39,17,"Acetate",13.99,"1"
"3_17",3,"DI36","Chewing","M","T",2,39,17,"Propionate",5.56,"1"
"3_17",3,"DI36","Chewing","M","T",2,39,17,"Isobutyrate",1.91,"1"
"3_17",3,"DI36","Chewing","M","T",2,39,17,"Butyrate",4.96,"1"
"3_17",3,"DI36","Chewing","M","T",2,39,17,"Isovalerate",2.5,"1"
"3_17",3,"DI36","Chewing","M","T",2,39,17,"Valerate",1.77,"1"
"3_19",3,"DI36","Chewing","W","W",3,40,19,"Acetate",13.11,"3"
"3_19",3,"DI36","Chewing","W","W",3,40,19,"Propionate",4.42,"3"
"3_19",3,"DI36","Chewing","W","W",3,40,19,"Isobutyrate",1.82,"3"
"3_19",3,"DI36","Chewing","W","W",3,40,19,"Butyrate",3.74,"3"
"3_19",3,"DI36","Chewing","W","W",3,40,19,"Isovalerate",2.2,"3"
"3_19",3,"DI36","Chewing","W","W",3,40,19,"Valerate",1.59,"3"
"3_20",3,"DI36","Chewing","F","F",5,41,20,"Acetate",9.9,"5"
"3_20",3,"DI36","Chewing","F","F",5,41,20,"Propionate",3.44,"5"
"3_20",3,"DI36","Chewing","F","F",5,41,20,"Isobutyrate",1.61,"5"
"3_20",3,"DI36","Chewing","F","F",5,41,20,"Butyrate",3.01,"5"
"3_20",3,"DI36","Chewing","F","F",5,41,20,"Isovalerate",2.06,"5"
"3_20",3,"DI36","Chewing","F","F",5,41,20,"Valerate",1.46,"5"
"3_23",3,"BC67","Baseline","M","M",-6,42,23,"Acetate",34.6,"-6"
"3_23",3,"BC67","Baseline","M","M",-6,42,23,"Propionate",10.96,"-6"
"3_23",3,"BC67","Baseline","M","M",-6,42,23,"Isobutyrate",1.74,"-6"
"3_23",3,"BC67","Baseline","M","M",-6,42,23,"Butyrate",9.91,"-6"
"3_23",3,"BC67","Baseline","M","M",-6,42,23,"Isovalerate",2.06,"-6"
"3_23",3,"BC67","Baseline","M","M",-6,42,23,"Valerate",3.3,"-6"
"3_57",3,"BC67","Baseline","W","W",-4,43,57,"Acetate",54.49,"-4"
"3_57",3,"BC67","Baseline","W","W",-4,43,57,"Propionate",19.49,"-4"
"3_57",3,"BC67","Baseline","W","W",-4,43,57,"Isobutyrate",2.38,"-4"
"3_57",3,"BC67","Baseline","W","W",-4,43,57,"Butyrate",35.93,"-4"
"3_57",3,"BC67","Baseline","W","W",-4,43,57,"Isovalerate",2.85,"-4"
"3_57",3,"BC67","Baseline","W","W",-4,43,57,"Valerate",4.67,"-4"
"3_36",3,"BC67","Baseline","F","F",-2,44,36,"Acetate",39,"-2"
"3_36",3,"BC67","Baseline","F","F",-2,44,36,"Propionate",16.95,"-2"
"3_36",3,"BC67","Baseline","F","F",-2,44,36,"Isobutyrate",1.57,"-2"
"3_36",3,"BC67","Baseline","F","F",-2,44,36,"Butyrate",11.62,"-2"
"3_36",3,"BC67","Baseline","F","F",-2,44,36,"Isovalerate",1.67,"-2"
"3_36",3,"BC67","Baseline","F","F",-2,44,36,"Valerate",3.78,"-2"
"3_27",3,"BC67","Chewing","M","T",2,45,27,"Acetate",41.3,"1"
"3_27",3,"BC67","Chewing","M","T",2,45,27,"Propionate",11.39,"1"
"3_27",3,"BC67","Chewing","M","T",2,45,27,"Isobutyrate",3.64,"1"
"3_27",3,"BC67","Chewing","M","T",2,45,27,"Butyrate",16.65,"1"
"3_27",3,"BC67","Chewing","M","T",2,45,27,"Isovalerate",4.55,"1"
"3_27",3,"BC67","Chewing","M","T",2,45,27,"Valerate",4.19,"1"
"3_6",3,"BC67","Chewing","W","W",3,46,6,"Acetate",16.78,"3"
"3_6",3,"BC67","Chewing","W","W",3,46,6,"Propionate",4.62,"3"
"3_6",3,"BC67","Chewing","W","W",3,46,6,"Isobutyrate",1.96,"3"
"3_6",3,"BC67","Chewing","W","W",3,46,6,"Butyrate",4.85,"3"
"3_6",3,"BC67","Chewing","W","W",3,46,6,"Isovalerate",2.51,"3"
"3_6",3,"BC67","Chewing","W","W",3,46,6,"Valerate",1.92,"3"
"3_29",3,"BC67","Chewing","F","F",5,47,29,"Acetate",28.16,"5"
"3_29",3,"BC67","Chewing","F","F",5,47,29,"Propionate",12.01,"5"
"3_29",3,"BC67","Chewing","F","F",5,47,29,"Isobutyrate",1.34,"5"
"3_29",3,"BC67","Chewing","F","F",5,47,29,"Butyrate",11.56,"5"
"3_29",3,"BC67","Chewing","F","F",5,47,29,"Isovalerate",1.56,"5"
"3_29",3,"BC67","Chewing","F","F",5,47,29,"Valerate",2.98,"5"
"3_11",3,"BR02","Baseline","M","M",-6,48,11,"Acetate",20.52,"-6"
"3_11",3,"BR02","Baseline","M","M",-6,48,11,"Propionate",6.2,"-6"
"3_11",3,"BR02","Baseline","M","M",-6,48,11,"Isobutyrate",1.46,"-6"
"3_11",3,"BR02","Baseline","M","M",-6,48,11,"Butyrate",8.38,"-6"
"3_11",3,"BR02","Baseline","M","M",-6,48,11,"Isovalerate",1.53,"-6"
"3_11",3,"BR02","Baseline","M","M",-6,48,11,"Valerate",2.01,"-6"
"3_7",3,"BR02","Baseline","W","R",-3,49,7,"Acetate",14.09,"-4"
"3_7",3,"BR02","Baseline","W","R",-3,49,7,"Propionate",4.42,"-4"
"3_7",3,"BR02","Baseline","W","R",-3,49,7,"Isobutyrate",1.42,"-4"
"3_7",3,"BR02","Baseline","W","R",-3,49,7,"Butyrate",4.32,"-4"
"3_7",3,"BR02","Baseline","W","R",-3,49,7,"Isovalerate",1.5,"-4"
"3_7",3,"BR02","Baseline","W","R",-3,49,7,"Valerate",1.6,"-4"
"3_37",3,"BR02","Baseline","F","F",-2,50,37,"Acetate",37.49,"-2"
"3_37",3,"BR02","Baseline","F","F",-2,50,37,"Propionate",9.31,"-2"
"3_37",3,"BR02","Baseline","F","F",-2,50,37,"Isobutyrate",1.21,"-2"
"3_37",3,"BR02","Baseline","F","F",-2,50,37,"Butyrate",12.75,"-2"
"3_37",3,"BR02","Baseline","F","F",-2,50,37,"Isovalerate",1.17,"-2"
"3_37",3,"BR02","Baseline","F","F",-2,50,37,"Valerate",2.03,"-2"
"3_24",3,"BR02","Chewing","M","M",1,51,24,"Acetate",16.58,"1"
"3_24",3,"BR02","Chewing","M","M",1,51,24,"Propionate",6.48,"1"
"3_24",3,"BR02","Chewing","M","M",1,51,24,"Isobutyrate",2.31,"1"
"3_24",3,"BR02","Chewing","M","M",1,51,24,"Butyrate",7.59,"1"
"3_24",3,"BR02","Chewing","M","M",1,51,24,"Isovalerate",2.86,"1"
"3_24",3,"BR02","Chewing","M","M",1,51,24,"Valerate",2.52,"1"
"3_34",3,"BR02","Chewing","W","R",4,52,34,"Acetate",18.16,"3"
"3_34",3,"BR02","Chewing","W","R",4,52,34,"Propionate",7.26,"3"
"3_34",3,"BR02","Chewing","W","R",4,52,34,"Isobutyrate",2.47,"3"
"3_34",3,"BR02","Chewing","W","R",4,52,34,"Butyrate",7.51,"3"
"3_34",3,"BR02","Chewing","W","R",4,52,34,"Isovalerate",3.18,"3"
"3_34",3,"BR02","Chewing","W","R",4,52,34,"Valerate",2.71,"3"
"3_30",3,"BR02","Chewing","F","F",5,53,30,"Acetate",13.12,"5"
"3_30",3,"BR02","Chewing","F","F",5,53,30,"Propionate",4.28,"5"
"3_30",3,"BR02","Chewing","F","F",5,53,30,"Isobutyrate",1.51,"5"
"3_30",3,"BR02","Chewing","F","F",5,53,30,"Butyrate",4.28,"5"
"3_30",3,"BR02","Chewing","F","F",5,53,30,"Isovalerate",1.76,"5"
"3_30",3,"BR02","Chewing","F","F",5,53,30,"Valerate",1.71,"5"
"3_10",3,"BD00","Baseline","M","M",-6,54,10,"Acetate",25.41,"-6"
"3_10",3,"BD00","Baseline","M","M",-6,54,10,"Propionate",7.73,"-6"
"3_10",3,"BD00","Baseline","M","M",-6,54,10,"Isobutyrate",2.05,"-6"
"3_10",3,"BD00","Baseline","M","M",-6,54,10,"Butyrate",9.73,"-6"
"3_10",3,"BD00","Baseline","M","M",-6,54,10,"Isovalerate",2.22,"-6"
"3_10",3,"BD00","Baseline","M","M",-6,54,10,"Valerate",2.2,"-6"
"3_22",3,"BD00","Baseline","W","W",-4,55,22,"Acetate",26.02,"-4"
"3_22",3,"BD00","Baseline","W","W",-4,55,22,"Propionate",7.58,"-4"
"3_22",3,"BD00","Baseline","W","W",-4,55,22,"Isobutyrate",1.77,"-4"
"3_22",3,"BD00","Baseline","W","W",-4,55,22,"Butyrate",9,"-4"
"3_22",3,"BD00","Baseline","W","W",-4,55,22,"Isovalerate",1.69,"-4"
"3_22",3,"BD00","Baseline","W","W",-4,55,22,"Valerate",1.97,"-4"
"3_26",3,"BD00","Baseline","F","F",-2,56,26,"Acetate",26.77,"-2"
"3_26",3,"BD00","Baseline","F","F",-2,56,26,"Propionate",7.1,"-2"
"3_26",3,"BD00","Baseline","F","F",-2,56,26,"Isobutyrate",2.12,"-2"
"3_26",3,"BD00","Baseline","F","F",-2,56,26,"Butyrate",14.57,"-2"
"3_26",3,"BD00","Baseline","F","F",-2,56,26,"Isovalerate",2.19,"-2"
"3_26",3,"BD00","Baseline","F","F",-2,56,26,"Valerate",2.19,"-2"
"3_42",3,"BD00","Chewing","M","M",1,57,42,"Acetate",26.62,"1"
"3_42",3,"BD00","Chewing","M","M",1,57,42,"Propionate",9.67,"1"
"3_42",3,"BD00","Chewing","M","M",1,57,42,"Isobutyrate",2.07,"1"
"3_42",3,"BD00","Chewing","M","M",1,57,42,"Butyrate",12,"1"
"3_42",3,"BD00","Chewing","M","M",1,57,42,"Isovalerate",2.23,"1"
"3_42",3,"BD00","Chewing","M","M",1,57,42,"Valerate",2.16,"1"
"3_52",3,"BD00","Chewing","W","R",4,58,52,"Acetate",29.57,"3"
"3_52",3,"BD00","Chewing","W","R",4,58,52,"Propionate",9.3,"3"
"3_52",3,"BD00","Chewing","W","R",4,58,52,"Isobutyrate",2.13,"3"
"3_52",3,"BD00","Chewing","W","R",4,58,52,"Butyrate",13.95,"3"
"3_52",3,"BD00","Chewing","W","R",4,58,52,"Isovalerate",2.46,"3"
"3_52",3,"BD00","Chewing","W","R",4,58,52,"Valerate",2.49,"3"
"3_21",3,"BD00","Chewing","F","F",5,59,21,"Acetate",20.98,"5"
"3_21",3,"BD00","Chewing","F","F",5,59,21,"Propionate",5.79,"5"
"3_21",3,"BD00","Chewing","F","F",5,59,21,"Isobutyrate",1.54,"5"
"3_21",3,"BD00","Chewing","F","F",5,59,21,"Butyrate",7.7,"5"
"3_21",3,"BD00","Chewing","F","F",5,59,21,"Isovalerate",1.58,"5"
"3_21",3,"BD00","Chewing","F","F",5,59,21,"Valerate",1.7,"5"
"3_60",3,"NF88","Chewing","F","F",5,60,60,"Acetate",38.78,"5"
"3_60",3,"NF88","Chewing","F","F",5,60,60,"Propionate",16.49,"5"
"3_60",3,"NF88","Chewing","F","F",5,60,60,"Isobutyrate",1.7,"5"
"3_60",3,"NF88","Chewing","F","F",5,60,60,"Butyrate",18.34,"5"
"3_60",3,"NF88","Chewing","F","F",5,60,60,"Isovalerate",1.95,"5"
"3_60",3,"NF88","Chewing","F","F",5,60,60,"Valerate",3.29,"5"
"3_61",3,"NF88","Baseline","M","M",-6,61,61,"Acetate",25.55,"-6"
"3_61",3,"NF88","Baseline","M","M",-6,61,61,"Propionate",14.34,"-6"
"3_61",3,"NF88","Baseline","M","M",-6,61,61,"Isobutyrate",1.42,"-6"
"3_61",3,"NF88","Baseline","M","M",-6,61,61,"Butyrate",12.28,"-6"
"3_61",3,"NF88","Baseline","M","M",-6,61,61,"Isovalerate",1.63,"-6"
"3_61",3,"NF88","Baseline","M","M",-6,61,61,"Valerate",2.76,"-6"
"3_62",3,"NF88","Baseline","F","F",-2,62,62,"Acetate",28.39,"-2"
"3_62",3,"NF88","Baseline","F","F",-2,62,62,"Propionate",18.78,"-2"
"3_62",3,"NF88","Baseline","F","F",-2,62,62,"Isobutyrate",1.74,"-2"
"3_62",3,"NF88","Baseline","F","F",-2,62,62,"Butyrate",23.27,"-2"
"3_62",3,"NF88","Baseline","F","F",-2,62,62,"Isovalerate",1.99,"-2"
"3_62",3,"NF88","Baseline","F","F",-2,62,62,"Valerate",3.59,"-2"
"3_63",3,"NF88","Chewing","M","M",1,63,63,"Acetate",17.86,"1"
"3_63",3,"NF88","Chewing","M","M",1,63,63,"Propionate",9.97,"1"
"3_63",3,"NF88","Chewing","M","M",1,63,63,"Isobutyrate",1.19,"1"
"3_63",3,"NF88","Chewing","M","M",1,63,63,"Butyrate",10.37,"1"
"3_63",3,"NF88","Chewing","M","M",1,63,63,"Isovalerate",1.22,"1"
"3_63",3,"NF88","Chewing","M","M",1,63,63,"Valerate",2.09,"1"
"3_64",3,"NF88","Chewing","W","W",3,64,64,"Acetate",32.37,"3"
"3_64",3,"NF88","Chewing","W","W",3,64,64,"Propionate",15.2,"3"
"3_64",3,"NF88","Chewing","W","W",3,64,64,"Isobutyrate",1.93,"3"
"3_64",3,"NF88","Chewing","W","W",3,64,64,"Butyrate",16.25,"3"
"3_64",3,"NF88","Chewing","W","W",3,64,64,"Isovalerate",2.55,"3"
"3_64",3,"NF88","Chewing","W","W",3,64,64,"Valerate",2.95,"3"
"3_65",3,"NF88","Baseline","W","W",-4,65,65,"Acetate",51.55,"-4"
"3_65",3,"NF88","Baseline","W","W",-4,65,65,"Propionate",31.23,"-4"
"3_65",3,"NF88","Baseline","W","W",-4,65,65,"Isobutyrate",1.38,"-4"
"3_65",3,"NF88","Baseline","W","W",-4,65,65,"Butyrate",12.29,"-4"
"3_65",3,"NF88","Baseline","W","W",-4,65,65,"Isovalerate",1.53,"-4"
"3_65",3,"NF88","Baseline","W","W",-4,65,65,"Valerate",2.76,"-4"
